"Statistic","University League Table 2008 to 2027"
"Variable","Year,Rank,Institution,Entry Standards,Student Satisfaction,Research Quality,Research Intensity,Graduate Prospects,Graduate Prospects - Outcomes,Graduate Prospects On Track,Student-Staff Ratio,Academic Services Spend,Facilities Spend,Good Honours,Degree Completion,Continuation,Overall Score"
"University name","Institution names show the name at the time of the most recent league table to aid comparison with historic data. Some may have entered the subject tables when they were university colleges. Where institutions merged, the historic institution names are  used up until the year before the merger"
"Note","For latest league table please refer to https://www.thecompleteuniversityguide.co.uk/league-tables/rankings. © 2026 Complete University Guide Limited. All rights reserved."
""
"Year","Rank","Institution","Entry Standards","Student Satisfaction","Research Quality","Research Intensity","Graduate Prospects","Graduate Prospects - Outcomes","Graduate Prospects On Track","Student-Staff Ratio","Academic Services Spend","Facilities Spend","Good Honours","Degree Completion","Continuation","Overall Score"
"2008","1","University of Cambridge","530","16.60","6.60","","88.0","","","12.2","1576","574","84.5","97.9","","1000"
"2008","2","University of Oxford","522","16.40","6.50","","78.5","","","13.0","2220","370","89.4","98.4","","987"
"2008","3","Imperial College London","453","14.70","6.40","","86.3","","","9.7","2551","479","72.4","94.8","","898"
"2008","4","London School of Economics and Political Science, University of London","471","15.30","6.40","","83.0","","","13.2","1210","211","74.6","95.9","","822"
"2008","5","University of St Andrews","458","16.70","5.70","","72.9","","","15.4","818","208","79.7","92.6","","797"
"2008","6","UCL (University College London)","429","15.30","6.00","","79.8","","","9.4","1435","179","72.5","93.4","","774"
"2008","7","University of Bristol","440","15.30","5.70","","76.0","","","14.9","1199","279","81.3","95.6","","764"
"2008","8","University of Warwick","453","","6.00","","73.0","","","17.1","1472","233","79.3","96.4","","761"
"2008","9","University of Bath","443","14.90","5.70","","78.9","","","16.7","804","411","76.8","95.3","","753"
"2008","10","Durham University","452","15.50","5.70","","75.7","","","20.3","892","331","75.4","95.8","","750"
"2008","11","Loughborough University","368","16.10","5.10","","69.7","","","17.6","783","416","63.8","90.4","","747"
"2008","12","Aston University, Birmingham","346","14.90","5.00","","76.8","","","14.6","1221","395","64.3","89.6","","726"
"2008","13","Royal Holloway, University of London","356","15.50","5.70","","61.5","","","13.9","792","346","71.3","92.9","","723"
"2008","14","University of York","436","15.50","5.80","","64.4","","","15.0","1015","199","71.0","94.6","","719"
"2008","14","University of Nottingham","431","14.90","5.30","","70.4","","","15.6","980","364","74.5","95.7","","719"
"2008","16","The University of Edinburgh","458","14.90","5.60","","76.6","","","14.5","999","233","77.8","91.6","","716"
"2008","17","University of Exeter","387","15.60","5.20","","65.8","","","16.8","723","254","74.6","95.8","","702"
"2008","17","King's College London, University of London","399","15.20","5.50","","79.8","","","12.4","1350","180","67.2","91.9","","702"
"2008","19","Lancaster University","366","15.60","5.80","","61.2","","","15.8","805","281","64.2","93.8","","699"
"2008","20","University of Southampton","403","15.30","5.80","","67.7","","","16.7","978","298","71.3","90.2","","696"
"2008","20","University of East Anglia UEA","364","16.00","5.40","","59.3","","","17.0","675","366","65.4","94.3","","696"
"2008","20","University of Leicester","371","15.90","5.00","","64.8","","","16.2","704","418","62.5","91.6","","696"
"2008","23","Newcastle University","390","14.90","5.20","","73.1","","","16.7","1089","350","67.6","91.9","","690"
"2008","24","SOAS University of London","365","14.70","5.50","","73.2","","","9.5","1472","186","69.2","81.3","","688"
"2008","25","University of Sheffield","408","15.10","5.50","","70.5","","","15.1","797","278","73.3","91.6","","683"
"2008","26","University of Sussex","382","14.70","5.50","","61.8","","","13.6","822","319","70.3","89.7","","665"
"2008","27","Cardiff University","377","15.10","5.40","","70.3","","","13.9","786","241","66.3","93.1","","660"
"2008","28","Queen's University Belfast","363","15.20","4.90","","73.2","","","17.2","769","398","69.1","87.3","","657"
"2008","29","University of Reading","358","15.40","5.30","","64.5","","","16.8","728","237","69.1","89.5","","656"
"2008","30","University of Glasgow","425","15.20","5.20","","68.3","","","13.9","959","225","64.8","84.9","","652"
"2008","31","University of Manchester","406","14.60","5.70","","65.6","","","14.6","1042","277","68.8","91.4","","651"
"2008","31","University of Birmingham","389","14.80","5.30","","70.3","","","16.6","955","255","69.6","92.0","","651"
"2008","33","University of Aberdeen","447","","4.70","","76.0","","","13.9","934","225","64.3","79.6","","642"
"2008","34","University of Essex","317","15.10","5.60","","63.7","","","14.7","788","318","56.8","85.6","","638"
"2008","35","University of Surrey","341","14.50","5.40","","79.1","","","15.9","825","299","61.6","86.1","","636"
"2008","36","University of Kent","324","15.50","4.80","","65.5","","","16.4","810","230","60.5","85.9","","632"
"2008","37","University of Leeds","387","14.90","5.30","","68.3","","","18.4","723","219","71.2","90.4","","628"
"2008","38","University of Stirling","334","","4.80","","67.0","","","14.5","863","206","62.0","86.8","","615"
"2008","39","University of Hull","384","15.60","4.30","","71.1","","","19.0","586","189","57.3","85.3","","608"
"2008","39","Queen Mary University of London","342","14.90","5.00","","72.5","","","12.8","935","191","61.6","87.8","","608"
"2008","41","University of Strathclyde","429","","4.70","","71.2","","","18.3","914","185","67.9","80.5","","604"
"2008","41","University of Liverpool","370","14.90","5.20","","70.9","","","15.5","731","186","64.8","88.6","","604"
"2008","43","Aberystwyth University","299","15.70","4.50","","56.3","","","19.2","645","308","61.1","88.1","","597"
"2008","44","Heriot-Watt University","375","","4.70","","61.5","","","16.8","657","354","57.9","80.0","","580"
"2008","45","University of Dundee","382","","5.10","","74.8","","","17.6","755","191","58.6","82.6","","574"
"2008","46","Bangor University","290","15.50","4.70","","65.7","","","16.9","828","209","50.0","85.5","","569"
"2008","47","Swansea University","289","15.30","4.60","","60.3","","","16.9","679","262","54.1","87.9","","560"
"2008","48","City, University of London","318","14.60","4.40","","81.1","","","18.7","593","169","63.9","84.7","","557"
"2008","49","University of Bradford","265","15.10","4.40","","76.0","","","18.6","813","296","54.2","82.9","","556"
"2008","50","Keele University","314","15.10","4.60","","64.4","","","18.1","545","146","56.0","93.7","","555"
"2008","51","Goldsmiths, University of London","297","15.20","5.30","","58.6","","","20.2","598","178","58.9","81.9","","544"
"2008","52","Brunel University of London","302","14.10","4.30","","63.2","","","16.7","949","317","63.7","81.5","","543"
"2008","53","Oxford Brookes University","295","14.90","2.80","","72.0","","","17.0","584","333","56.6","82.0","","542"
"2008","54","Ulster University","279","15.00","3.80","","59.3","","","19.2","1051","285","61.8","77.1","","537"
"2008","55","Robert Gordon University","311","","1.90","","81.8","","","18.9","775","183","53.4","79.9","","519"
"2008","56","Nottingham Trent University","283","14.50","2.80","","77.1","","","19.0","694","168","53.3","87.0","","514"
"2008","57","University of Plymouth","275","15.00","3.20","","55.8","","","17.5","768","245","55.9","80.6","","494"
"2008","58","Queen Margaret University, Edinburgh","333","","2.30","","75.0","","","21.3","693","92","60.3","82.3","","493"
"2008","59","University of the Arts London","391","13.70","4.70","","51.3","","","18.7","734","138","57.9","85.3","","492"
"2008","59","University of Wales, Lampeter","258","15.80","4.70","","69.2","","","26.2","387","148","60.5","77.7","","492"
"2008","61","Glasgow Caledonian University","354","","2.50","","61.6","","","18.1","652","156","60.0","81.6","","490"
"2008","62","University of Salford","269","14.50","4.30","","59.8","","","16.7","613","263","53.5","76.7","","479"
"2008","63","University of Roehampton","237","14.80","3.20","","56.1","","","20.3","952","339","52.7","78.0","","478"
"2008","63","University of Lancashire","246","14.90","2.20","","66.3","","","17.4","630","322","48.1","75.6","","478"
"2008","65","University of Wales, Newport","228","15.40","3.00","","57.0","","","19.1","535","261","56.5","77.2","","473"
"2008","66","Bournemouth University","278","14.40","1.90","","63.8","","","18.5","769","106","59.8","83.0","","472"
"2008","67","Birmingham City University","252","14.40","2.20","","62.6","","","16.2","677","361","57.7","78.4","","471"
"2008","68","University of Glamorgan","273","15.20","2.40","","53.4","","","16.3","787","291","52.1","68.1","","465"
"2008","69","University of Brighton","280","14.70","2.90","","64.3","","","18.1","630","197","55.3","76.0","","462"
"2008","70","Bath Spa University","264","15.30","2.50","","54.9","","","24.4","370","116","67.7","86.8","","459"
"2008","71","University of Winchester","265","15.30","2.50","","49.9","","","20.6","536","223","54.7","86.6","","456"
"2008","71","Edinburgh Napier University","293","","2.30","","62.1","","","17.8","814","156","57.4","71.4","","456"
"2008","73","University of Gloucestershire","242","14.80","3.00","","53.9","","","20.2","679","343","51.3","77.5","","452"
"2008","74","Cardiff Metropolitan University","248","14.60","2.70","","54.6","","","20.7","710","366","48.4","82.4","","450"
"2008","75","Northumbria University, Newcastle","291","14.70","2.30","","59.4","","","21.9","727","249","52.4","80.8","","442"
"2008","76","University of Portsmouth","256","14.80","3.20","","59.4","","","18.9","587","160","48.0","84.5","","438"
"2008","77","Bristol, UWE","266","14.50","2.80","","59.8","","","19.8","611","241","56.7","78.5","","437"
"2008","78","Sheffield Hallam University","270","14.30","3.00","","61.3","","","23.8","678","244","55.4","84.6","","433"
"2008","79","University of Chichester","242","15.60","2.10","","59.1","","","21.0","443","167","45.1","85.1","","432"
"2008","80","University of Staffordshire","241","15.00","2.20","","53.4","","","18.1","750","182","52.2","77.8","","431"
"2008","81","Coventry University","239","14.80","2.10","","61.2","","","20.6","664","277","56.0","74.3","","423"
"2008","82","Kingston University","228","14.50","2.70","","64.1","","","18.3","753","172","49.2","77.9","","418"
"2008","83","University of Worcester","221","15.20","1.40","","63.1","","","20.2","652","221","45.4","78.1","","408"
"2008","84","University of Chester","253","15.50","1.60","","48.6","","","17.8","471","207","46.1","77.8","","406"
"2008","85","Canterbury Christ Church University","252","15.50","1.90","","62.5","","","20.4","444","90","45.8","82.0","","405"
"2008","86","University of Bedfordshire","207","14.60","1.80","","59.8","","","23.4","1576","291","41.1","74.6","","404"
"2008","87","University of Sunderland","238","14.40","2.80","","56.3","","","16.7","494","229","50.4","74.4","","403"
"2008","88","De Montfort University","246","14.40","3.10","","64.4","","","21.5","628","149","48.0","81.0","","400"
"2008","89","Abertay University","214","","2.00","","51.9","","","19.8","1408","142","47.2","73.5","","399"
"2008","90","Liverpool John Moores University","252","14.80","2.60","","57.2","","","18.5","673","156","48.4","73.2","","398"
"2008","91","University of Huddersfield","244","15.30","2.40","","55.4","","","20.6","486","123","46.0","80.6","","396"
"2008","91","University of Greater Manchester","179","15.20","1.50","","65.0","","","17.7","423","367","51.7","62.0","","396"
"2008","93","University of East London","190","","2.50","","58.3","","","22.3","775","459","40.0","67.3","","395"
"2008","94","University of Hertfordshire","235","14.50","2.50","","62.2","","","18.5","541","167","45.1","80.3","","391"
"2008","95","University of Northampton","221","14.90","1.70","","55.5","","","19.4","604","166","56.8","77.3","","390"
"2008","95","Leeds Beckett University","263","14.30","2.20","","59.5","","","23.2","795","138","49.0","82.4","","390"
"2008","97","University of Westminster, London","229","14.20","2.80","","53.6","","","17.5","525","199","56.4","76.0","","389"
"2008","98","Manchester Metropolitan University","260","14.40","2.90","","54.2","","","18.9","744","168","47.7","75.4","","386"
"2008","99","Teesside University","236","15.10","1.90","","63.1","","","20.7","582","139","44.6","75.4","","377"
"2008","100","York St John University","266","14.40",".80","","62.0","","","25.6","469","311","49.9","86.0","","376"
"2008","101","University of the West of Scotland","313","","1.60","","55.5","","","20.0","986","167","43.8","65.7","","373"
"2008","102","University of Derby","215","14.80","1.50","","57.2","","","22.4","844","164","49.8","75.5","","364"
"2008","103","University of West London","202","",".50","","61.9","","","19.4","467","109","48.7","73.1","","354"
"2008","104","Anglia Ruskin University","243","14.60","1.50","","61.5","","","19.9","432","154","52.7","73.6","","349"
"2008","104","University of Cumbria","257","14.30","1.60","","70.7","","","22.8","547","124","46.5","84.0","","349"
"2008","106","Southampton, Solent University","224","14.30",".90","","48.9","","","21.6","612","324","43.9","77.7","","343"
"2008","107","Middlesex University","189","14.00","2.70","","55.8","","","29.6","1068","358","46.5","78.6","","339"
"2008","107","University of Wolverhampton","204","14.50","2.00","","53.0","","","21.2","610","354","43.5","73.2","","339"
"2008","109","University of Lincoln","255","14.30","1.70","","48.9","","","26.3","637","162","52.3","83.5","","335"
"2008","110","Liverpool Hope University","220","14.80","1.30","","52.6","","","24.3","828","140","47.0","77.1","","322"
"2008","111","London South Bank University","191","14.20","2.90","","62.1","","","23.1","669","110","51.7","70.2","","302"
"2008","112","University of Greenwich","201","14.20","2.50","","57.3","","","24.0","705","144","42.3","75.7","","294"
"2008","113","Edge Hill University","243","15.10","1.30","","55.9","","","22.8","226","21","38.1","76.5","","269"
"2009","1","University of Oxford","514","4.04","6.48","","83.9","","","11.7","2449","621","90.1","98.6","","1000"
"2009","2","University of Cambridge","530","4.15","6.62","","88.4","","","12.2","1673","622","85.4","97.9","","929"
"2009","3","London School of Economics and Political Science, University of London","473","3.82","6.40","","87.7","","","13.5","1298","251","75.2","96.9","","885"
"2009","4","Imperial College London","473","3.66","6.42","","89.3","","","10.5","2707","508","69.1","96.0","","884"
"2009","5","University of Warwick","452","3.79","6.01","","74.9","","","14.1","1671","318","79.4","96.7","","802"
"2009","6","Durham University","448","3.84","5.74","","75.9","","","15.8","949","530","78.8","96.4","","783"
"2009","7","University of St Andrews","471","4.10","5.71","","73.7","","","13.0","1008","297","83.9","94.7","","778"
"2009","8","UCL (University College London)","440","3.78","5.95","","81.5","","","9.1","1505","209","75.1","94.3","","773"
"2009","9","SOAS University of London","371","3.71","5.54","","68.0","","","10.6","1490","234","73.4","84.4","","756"
"2009","10","Lancaster University","378","3.89","5.79","","60.9","","","12.9","916","430","68.8","92.5","","755"
"2009","11","University of York","429","3.83","5.80","","70.5","","","13.4","1133","277","74.7","95.2","","753"
"2009","12","University of Leicester","362","4.07","4.97","","72.3","","","14.5","911","475","69.0","93.0","","734"
"2009","13","Loughborough University","362","4.07","5.08","","73.2","","","17.3","804","494","67.4","94.0","","725"
"2009","14","University of Bath","430","3.78","5.67","","81.0","","","16.9","871","398","77.3","95.2","","723"
"2009","15","King's College London, University of London","408","3.75","5.45","","80.4","","","12.0","1454","286","72.1","93.3","","714"
"2009","16","University of Glasgow","430","3.81","5.19","","75.0","","","13.8","892","476","68.4","85.5","","710"
"2009","16","University of Bristol","435","3.71","5.70","","81.5","","","15.1","1283","294","78.4","95.9","","710"
"2009","16","University of Nottingham","409","3.66","5.35","","76.0","","","13.8","975","393","75.7","96.3","","710"
"2009","19","University of Exeter","385","4.05","5.24","","68.5","","","17.1","934","334","79.8","94.8","","706"
"2009","20","University of Southampton","392","3.79","5.82","","71.8","","","16.4","999","424","74.8","90.7","","698"
"2009","21","The University of Edinburgh","466","3.64","5.64","","74.9","","","13.4","1145","267","79.9","92.1","","695"
"2009","22","Royal Holloway, University of London","364","3.79","5.67","","66.9","","","14.8","798","374","66.4","88.2","","694"
"2009","23","Aston University, Birmingham","352","3.83","4.96","","76.4","","","17.6","1006","437","65.8","88.4","","688"
"2009","24","University of Birmingham","399","3.77","5.31","","70.4","","","15.7","1085","346","68.4","92.5","","675"
"2009","25","University of Essex","309","3.83","5.63","","62.8","","","14.2","930","341","60.4","83.4","","669"
"2009","26","University of Sheffield","406","3.78","5.49","","73.7","","","14.7","854","336","71.9","92.4","","665"
"2009","27","University of Manchester","414","3.61","5.68","","67.4","","","14.2","1123","323","70.5","92.4","","664"
"2009","27","Newcastle University","398","3.71","5.19","","75.3","","","15.0","1079","380","71.1","92.3","","664"
"2009","29","University of Sussex","390","3.65","5.47","","62.0","","","15.2","772","329","79.5","88.3","","657"
"2009","30","University of Surrey","340","3.67","5.44","","77.3","","","16.4","839","341","61.9","86.9","","653"
"2009","31","University of Strathclyde","495","3.73","4.66","","76.4","","","16.9","1013","233","74.6","81.8","","649"
"2009","32","University of Leeds","387","3.68","5.32","","67.3","","","14.7","813","294","71.8","92.0","","648"
"2009","33","University of East Anglia UEA","361","3.97","5.39","","63.0","","","18.1","754","399","67.5","91.1","","644"
"2009","34","Queen's University Belfast","363","3.74","4.90","","76.1","","","15.4","831","465","70.3","86.5","","642"
"2009","35","University of Kent","307","3.93","4.80","","70.5","","","16.3","763","298","59.7","87.0","","640"
"2009","36","University of Stirling","324","3.74","4.80","","71.8","","","15.4","800","110","67.9","89.9","","639"
"2009","37","Cardiff University","386","3.73","5.39","","73.5","","","14.5","859","251","67.6","90.1","","629"
"2009","38","University of Reading","343","3.82","5.28","","63.3","","","16.2","709","273","71.7","91.8","","626"
"2009","39","University of Aberdeen","400","3.83","4.74","","76.2","","","13.5","947","228","69.7","78.8","","625"
"2009","40","Keele University","315","3.78","4.61","","77.6","","","15.4","740","263","64.0","84.3","","623"
"2009","41","Brunel University of London","313","3.63","4.33","","63.6","","","16.7","1072","392","63.7","85.4","","620"
"2009","42","University of Liverpool","381","3.71","5.18","","70.7","","","13.6","916","264","67.6","89.9","","611"
"2009","43","Queen Mary University of London","341","3.78","5.04","","75.1","","","12.8","824","248","60.8","88.5","","601"
"2009","44","Goldsmiths, University of London","306","3.73","5.25","","63.6","","","15.6","595","172","64.8","82.2","","600"
"2009","45","Aberystwyth University","300","3.94","4.50","","56.2","","","19.2","677","349","61.8","89.8","","576"
"2009","46","City, University of London","320","3.65","4.44","","77.1","","","18.1","693","261","63.7","85.0","","570"
"2009","47","Swansea University","296","3.78","4.61","","61.4","","","15.5","764","313","49.9","88.3","","569"
"2009","48","Heriot-Watt University","377","3.73","4.69","","72.1","","","16.7","720","389","55.0","82.4","","566"
"2009","48","University of Hull","293","3.89","4.32","","71.0","","","19.0","711","246","56.4","83.9","","566"
"2009","50","University of Bradford","269","3.73","4.35","","73.9","","","15.1","815","278","60.5","82.2","","565"
"2009","51","Ulster University","279","3.69","3.78","","62.1","","","16.8","1194","348","60.1","76.9","","548"
"2009","52","University of Dundee","472","3.78","5.11","","73.9","","","14.3","886","245","66.3","68.7","","545"
"2009","52","Nottingham Trent University","266","3.62","2.82","","74.0","","","18.1","882","228","56.4","89.1","","545"
"2009","54","University of Hertfordshire","249","3.64","2.49","","62.1","","","16.5","689","702","47.7","76.0","","533"
"2009","55","University of the Arts London","391","3.42","4.70","","51.5","","","21.0","688","137","58.8","87.1","","523"
"2009","56","Bangor University","280","3.80","4.68","","65.9","","","18.6","765","198","55.6","77.0","","520"
"2009","57","Bournemouth University","284","3.65","1.92","","70.8","","","19.9","784","197","57.0","85.3","","515"
"2009","58","University of Gloucestershire","257","3.70","3.00","","60.2","","","19.0","786","362","54.9","80.6","","513"
"2009","59","Oxford Brookes University","299","3.79","2.80","","65.9","","","18.5","616","366","59.1","84.9","","503"
"2009","60","University of Portsmouth","272","3.85","3.22","","65.4","","","19.7","802","258","49.3","81.4","","502"
"2009","61","Robert Gordon University","322","3.74","1.87","","77.6","","","18.3","811","255","58.8","78.5","","497"
"2009","62","University of the West of Scotland","314","3.74","1.64","","62.3","","","19.3","1005","57","46.1","68.7","","492"
"2009","63","University of Lancashire","268","3.80","2.21","","64.4","","","17.6","701","328","50.9","76.9","","490"
"2009","64","De Montfort University","246","3.73","3.14","","64.8","","","17.6","700","234","49.0","80.6","","479"
"2009","65","Cardiff Metropolitan University","239","3.66","2.72","","55.3","","","19.6","733","414","48.6","85.2","","474"
"2009","66","Bristol, UWE","260","3.74","2.80","","64.4","","","18.9","648","300","55.9","80.5","","471"
"2009","67","University of Brighton","286","3.70","2.93","","67.7","","","19.7","591","220","58.8","83.0","","470"
"2009","68","Abertay University","350","3.74","1.95","","51.4","","","20.8","1406","204","47.6","64.0","","469"
"2009","69","Birmingham City University","265","3.61","2.22","","63.8","","","16.7","744","453","56.6","77.2","","467"
"2009","70","University of Plymouth","275","3.73","3.20","","55.3","","","16.6","749","237","60.2","81.2","","466"
"2009","71","University of Salford","249","3.62","4.27","","63.5","","","18.6","663","301","54.1","73.2","","465"
"2009","71","University of Chichester","260","3.90","2.06","","55.5","","","20.0","482","307","46.7","87.9","","465"
"2009","73","Northumbria University, Newcastle","291","3.62","2.28","","66.4","","","20.7","815","286","49.9","80.7","","460"
"2009","74","University of Winchester","268","3.78","2.46","","49.7","","","18.4","573","257","57.4","84.5","","457"
"2009","75","Bath Spa University","272","3.86","2.47","","55.2","","","21.7","412","138","64.7","85.7","","455"
"2009","75","Queen Margaret University, Edinburgh","320","3.74","2.29","","69.8","","","20.9","752","83","58.5","77.7","","455"
"2009","77","Edinburgh Napier University","290","3.74","2.32","","77.9","","","18.0","766","161","60.8","73.4","","453"
"2009","77","University of Roehampton","224","3.65","3.23","","56.9","","","21.5","992","262","52.1","79.5","","453"
"2009","79","University of Sunderland","249","3.73","2.79","","59.3","","","16.8","512","269","47.7","76.9","","451"
"2009","80","Sheffield Hallam University","267","3.63","3.02","","60.6","","","20.6","666","226","58.1","85.0","","448"
"2009","80","University of Staffordshire","247","3.77","2.20","","53.8","","","18.0","807","244","52.5","79.8","","448"
"2009","82","Middlesex University","198","3.53","2.67","","61.2","","","22.9","1415","430","47.3","71.9","","446"
"2009","83","University of Glamorgan","239","3.77","2.39","","58.4","","","15.7","687","297","51.8","69.3","","443"
"2009","84","University of Wales, Newport","214","3.74","3.01","","60.4","","","20.8","552","295","50.7","74.9","","435"
"2009","85","Coventry University","260","3.72","2.13","","62.0","","","21.5","762","295","60.4","73.7","","430"
"2009","86","University of Bedfordshire","212","3.78","1.82","","56.0","","","21.7","981","364","47.0","75.4","","426"
"2009","87","Buckinghamshire New University","200","3.56","1.91","","45.2","","","18.9","525","597","44.7","82.0","","422"
"2009","88","Manchester Metropolitan University","267","3.65","2.93","","59.4","","","20.2","729","221","51.3","75.2","","418"
"2009","89","Kingston University","234","3.68","2.67","","60.2","","","20.1","691","240","50.0","78.6","","415"
"2009","90","Canterbury Christ Church University","246","3.72","1.92","","63.2","","","18.4","483","126","47.0","83.4","","410"
"2009","90","University of Chester","273","3.75","1.57","","57.6","","","19.2","485","210","54.3","76.1","","410"
"2009","92","University of Westminster, London","244","3.58","2.85","","51.0","","","16.6","541","236","49.6","80.5","","409"
"2009","93","University of Northampton","227","3.77","1.71","","56.3","","","19.4","655","202","55.2","79.9","","406"
"2009","93","University of Worcester","238","3.79","1.39","","62.7","","","20.0","647","176","45.6","80.8","","406"
"2009","95","Southampton, Solent University","225","3.63",".93","","55.7","","","20.8","689","373","43.1","78.2","","405"
"2009","96","Glasgow Caledonian University","341","3.72","2.48","","60.5","","","20.5","714","150","65.7","74.8","","404"
"2009","97","York St John University","282","3.70",".80","","55.2","","","22.7","713","283","50.7","85.4","","399"
"2009","98","Leeds Beckett University","261","3.50","2.22","","59.4","","","24.2","835","124","53.6","82.8","","385"
"2009","99","Liverpool John Moores University","248","3.64","2.60","","61.3","","","19.7","720","193","45.1","77.0","","384"
"2009","99","University of Lincoln","263","3.73","1.71","","50.3","","","23.7","647","192","52.9","83.9","","384"
"2009","101","University of Wales, Lampeter","273","3.75","4.74","","58.8","","","26.3","369","89","56.1","76.9","","380"
"2009","102","Teesside University","248","3.80","1.90","","57.3","","","19.9","601","166","50.2","74.4","","378"
"2009","103","University of Derby","260","3.66","1.47","","49.5","","","20.0","876","218","47.8","77.0","","376"
"2009","104","University of Cumbria","269","3.52","1.40","","72.8","","","21.2","457","177","47.5","76.3","","374"
"2009","105","University of East London","181","3.60","2.49","","59.4","","","21.5","758","425","40.6","68.5","","372"
"2009","105","University of Huddersfield","252","3.77","2.44","","53.2","","","19.9","454","137","53.3","78.9","","372"
"2009","107","University of Wolverhampton","195","3.63","1.99","","56.8","","","18.8","717","303","41.1","73.9","","359"
"2009","108","Edge Hill University","248","3.81","1.30","","57.0","","","22.1","786","146","44.4","78.2","","358"
"2009","109","Anglia Ruskin University","247","3.61","1.50","","60.6","","","17.2","561","188","52.3","64.8","","342"
"2009","110","University of West London","206","3.77",".48","","62.7","","","22.8","494","244","48.4","69.4","","341"
"2009","111","University of Greenwich","206","3.62","2.46","","63.0","","","23.7","621","188","42.4","79.7","","336"
"2009","112","University of Greater Manchester","199","3.82","1.54","","51.8","","","22.1","357","310","52.6","63.3","","281"
"2009","113","London South Bank University","185","3.67","2.88","","56.3","","","25.7","635","146","48.4","72.1","","274"
"2010","1","University of Oxford","524","4.11","2.96","","82.3","","","10.9","2639","587","91.1","97.6","","1000"
"2010","2","University of Cambridge","539","4.18","2.98","","85.5","","","11.6","1755","657","87.0","99.0","","947"
"2010","3","Imperial College London","489","3.69","2.94","","88.4","","","10.3","3036","575","68.5","97.1","","910"
"2010","4","London School of Economics and Political Science, University of London","483","3.77","2.96","","90.6","","","14.1","1391","265","76.0","96.5","","854"
"2010","5","Durham University","459","3.96","2.72","","78.3","","","15.2","1036","682","77.5","96.7","","820"
"2010","6","University of Warwick","463","3.90","2.80","","79.2","","","13.5","1630","354","79.7","95.9","","818"
"2010","7","University of St Andrews","468","4.22","2.72","","77.8","","","12.3","1152","357","85.1","94.2","","801"
"2010","8","UCL (University College London)","452","3.85","2.84","","82.9","","","9.1","1586","220","80.4","92.0","","793"
"2010","9","University of York","434","3.96","2.78","","69.4","","","13.4","1246","369","74.9","95.9","","765"
"2010","9","University of Bath","440","3.90","2.71","","81.9","","","15.3","960","424","75.1","95.6","","765"
"2010","11","The University of Edinburgh","447","3.66","2.75","","76.9","","","12.8","1660","335","80.6","90.4","","757"
"2010","12","Lancaster University","388","3.92","2.71","","64.3","","","13.7","1036","488","69.6","93.3","","749"
"2010","13","Aston University, Birmingham","365","4.02","2.43","","78.1","","","16.6","895","675","63.6","91.0","","739"
"2010","13","University of Southampton","407","3.81","2.72","","76.5","","","14.0","1154","449","74.6","93.7","","739"
"2010","15","SOAS University of London","378","3.82","2.60","","73.5","","","10.7","1520","253","73.2","82.5","","736"
"2010","16","University of Bristol","447","3.72","2.72","","82.0","","","13.3","1386","307","81.5","95.7","","735"
"2010","17","King's College London, University of London","415","3.74","2.69","","83.2","","","11.6","1589","320","72.8","92.3","","724"
"2010","18","Loughborough University","368","4.13","2.62","","75.7","","","17.3","744","496","67.7","91.4","","721"
"2010","19","University of Nottingham","408","3.79","2.67","","76.3","","","13.8","972","392","74.3","95.7","","714"
"2010","20","University of Leicester","360","4.13","2.45","","76.2","","","14.8","970","460","71.6","93.0","","706"
"2010","21","University of Exeter","394","4.15","2.62","","71.7","","","17.6","987","384","79.4","91.5","","704"
"2010","21","University of Sheffield","406","3.88","2.72","","79.1","","","14.5","969","354","74.5","92.2","","704"
"2010","23","Royal Holloway, University of London","365","3.89","2.67","","69.8","","","14.6","868","389","70.3","92.9","","703"
"2010","24","Newcastle University","405","3.84","2.63","","79.4","","","14.9","1097","398","72.2","92.3","","700"
"2010","25","University of Sussex","378","3.88","2.61","","70.6","","","15.6","785","333","81.7","90.1","","697"
"2010","26","University of Glasgow","412","3.88","2.59","","75.4","","","13.5","933","511","71.3","86.7","","694"
"2010","27","University of Birmingham","403","3.89","2.64","","72.7","","","15.3","1216","401","70.9","93.7","","690"
"2010","28","University of Manchester","412","3.67","2.82","","73.8","","","14.7","1136","362","70.4","91.6","","685"
"2010","28","University of Leeds","392","3.82","2.72","","71.1","","","14.4","851","385","73.4","91.9","","685"
"2010","30","University of Essex","302","3.87","2.77","","62.7","","","13.8","1050","413","61.0","87.4","","671"
"2010","31","University of Surrey","352","3.80","2.58","","80.0","","","17.0","858","347","65.1","88.8","","654"
"2010","32","University of East Anglia UEA","361","4.08","2.58","","71.9","","","17.1","866","401","70.1","85.5","","651"
"2010","33","Queen's University Belfast","358","3.80","2.56","","78.3","","","15.3","905","511","69.0","85.0","","648"
"2010","34","University of Reading","347","3.91","2.53","","68.7","","","16.6","709","343","75.4","91.7","","647"
"2010","34","University of Liverpool","387","3.77","2.54","","72.5","","","12.3","1196","285","68.8","91.2","","647"
"2010","36","Cardiff University","394","3.75","2.69","","77.6","","","14.9","927","253","66.8","92.5","","645"
"2010","37","Goldsmiths, University of London","318","3.79","2.58","","69.0","","","12.8","641","178","65.2","85.6","","636"
"2010","38","University of Kent","317","4.00","2.60","","71.8","","","17.0","733","312","61.7","87.8","","625"
"2010","39","Heriot-Watt University","350","3.80","2.48","","76.2","","","15.8","832","391","65.5","80.3","","619"
"2010","40","University of Strathclyde","393","3.73","2.45","","78.1","","","19.2","1118","254","74.0","83.2","","616"
"2010","41","Brunel University of London","319","3.74","2.32","","67.9","","","17.5","1080","423","64.9","86.3","","612"
"2010","42","Keele University","319","3.92","2.41","","70.4","","","14.5","808","331","64.4","89.1","","611"
"2010","43","Queen Mary University of London","346","3.82","2.73","","77.3","","","13.4","878","338","64.2","88.5","","610"
"2010","44","City, University of London","316","3.77","2.48","","81.4","","","17.9","776","305","66.6","84.3","","600"
"2010","45","University of Hertfordshire","244","3.71","2.40","","65.3","","","15.0","822","850","47.3","82.3","","597"
"2010","46","Nottingham Trent University","276","3.81","2.16","","74.1","","","16.6","795","399","55.7","86.2","","593"
"2010","47","University of Stirling","324","3.82","2.41","","69.8","","","14.3","873","153","64.3","81.4","","590"
"2010","47","University of Aberdeen","363","3.97","2.57","","74.4","","","15.1","929","224","67.6","77.3","","590"
"2010","49","University of Dundee","371","3.84","2.54","","75.6","","","14.9","935","262","65.8","71.3","","574"
"2010","50","Robert Gordon University","332","3.82","2.06","","84.1","","","18.2","913","288","53.2","81.8","","570"
"2010","51","Ulster University","268","3.74","2.48","","65.0","","","16.2","1160","356","61.4","77.4","","568"
"2010","52","University of Hull","285","4.00","2.37","","73.2","","","19.0","799","281","57.7","87.0","","567"
"2010","53","Oxford Brookes University","301","3.83","2.20","","73.0","","","18.7","648","380","66.1","83.8","","566"
"2010","54","Bournemouth University","289","3.79","2.18","","75.5","","","21.2","896","233","57.2","85.1","","559"
"2010","55","Aberystwyth University","310","4.00","2.48","","53.0","","","17.7","746","364","61.1","87.5","","548"
"2010","56","Swansea University","304","3.88","2.43","","62.5","","","15.0","778","303","50.3","87.4","","537"
"2010","57","University of Bradford","270","3.73","2.34","","70.4","","","15.0","830","279","62.8","82.4","","536"
"2010","58","Northumbria University, Newcastle","291","3.91","2.15","","73.0","","","17.7","787","271","54.1","80.3","","535"
"2010","59","Birmingham City University","258","3.71","2.31","","65.7","","","17.6","827","519","57.3","75.4","","533"
"2010","60","University of the Arts London","322","3.47","2.49","","63.6","","","22.1","687","90","61.6","85.5","","524"
"2010","61","Bristol, UWE","275","3.86","2.20","","66.1","","","19.3","696","328","63.2","78.8","","512"
"2010","62","University of Portsmouth","271","3.94","2.24","","63.9","","","19.0","917","265","52.4","86.1","","511"
"2010","63","University of Brighton","278","3.79","2.37","","65.3","","","19.8","579","239","58.5","84.7","","507"
"2010","64","Bangor University","283","3.85","2.43","","67.8","","","19.2","751","200","55.7","83.8","","506"
"2010","65","Cardiff Metropolitan University","261","3.85","1.88","","61.5","","","20.1","798","461","51.8","83.2","","499"
"2010","65","De Montfort University","248","3.92","2.32","","65.7","","","17.2","731","232","51.1","81.5","","499"
"2010","67","University of Chichester","234","4.04","1.96","","64.0","","","18.8","567","377","49.3","89.2","","491"
"2010","67","University of Plymouth","268","3.78","2.18","","58.0","","","15.9","787","251","61.4","84.2","","491"
"2010","67","Sheffield Hallam University","268","3.72","2.05","","64.2","","","18.9","735","239","61.3","83.8","","491"
"2010","70","University of Winchester","261","3.86","2.16","","55.6","","","17.5","588","271","55.7","85.6","","482"
"2010","71","University for the Creative Arts","247","3.55","2.28","","58.2","","","24.9","1167","284","51.2","85.3","","481"
"2010","72","University of Gloucestershire","239","3.79","1.72","","64.2","","","18.7","886","354","56.2","82.1","","479"
"2010","73","Edinburgh Napier University","291","3.82","1.83","","72.9","","","18.3","780","154","62.4","72.7","","475"
"2010","73","University of Bedfordshire","215","3.81","2.09","","66.7","","","15.7","662","426","47.8","75.1","","475"
"2010","75","Glasgow Caledonian University","328","3.80","2.01","","68.8","","","21.8","814","159","66.5","76.8","","473"
"2010","76","University of Salford","253","3.74","2.36","","62.7","","","18.8","725","300","55.1","76.5","","463"
"2010","77","University of Wales, Lampeter","252","3.99","2.11","","61.8","","","15.5","658","149","52.8","82.7","","461"
"2010","78","University of Lincoln","266","3.88","1.90","","60.4","","","22.9","724","228","57.1","85.1","","458"
"2010","79","University of Lancashire","252","3.84","1.96","","70.1","","","20.2","826","361","49.3","72.8","","457"
"2010","80","Kingston University","236","3.83","2.04","","61.0","","","19.4","723","310","60.1","79.3","","455"
"2010","80","University of Staffordshire","232","3.81","1.62","","69.0","","","17.9","897","311","53.0","78.1","","455"
"2010","82","Manchester Metropolitan University","266","3.65","2.16","","63.8","","","19.9","779","242","57.2","79.0","","449"
"2010","82","Bath Spa University","287","3.92","1.89","","59.0","","","24.0","418","133","67.7","87.1","","449"
"2010","84","University of Huddersfield","265","3.77","2.10","","56.9","","","16.3","671","205","51.9","81.2","","447"
"2010","85","Coventry University","280","3.69","1.85","","67.5","","","20.8","798","294","61.0","75.2","","445"
"2010","86","Queen Margaret University, Edinburgh","328","3.82","1.37","","69.2","","","20.7","833","111","65.3","78.6","","442"
"2010","87","University of Roehampton","251","3.65","2.20","","56.8","","","18.9","1049","215","51.0","78.5","","439"
"2010","88","Middlesex University","194","3.72","2.18","","64.4","","","24.1","1476","442","50.8","64.7","","434"
"2010","89","University of Westminster, London","249","3.64","2.23","","54.1","","","16.5","581","237","51.5","77.5","","427"
"2010","90","University of Chester","267","3.80","1.74","","65.1","","","19.3","534","210","54.8","78.2","","422"
"2010","91","York St John University","288","3.84","1.40","","58.8","","","20.3","875","299","52.9","84.4","","415"
"2010","92","Teesside University","257","3.88","1.99","","67.3","","","19.9","668","196","52.4","72.7","","411"
"2010","93","University of Sunderland","226","3.93","1.86","","59.3","","","17.1","554","311","50.2","75.7","","410"
"2010","94","University of Glamorgan","263","3.75","2.04","","60.4","","","18.0","701","202","52.4","69.1","","409"
"2010","95","University of Worcester","236","3.88","1.54","","68.2","","","20.3","708","165","48.4","83.9","","399"
"2010","95","Abertay University","279","3.82","1.83","","53.3","","","20.5","1260","246","48.3","70.1","","399"
"2010","97","Leeds Beckett University","257","3.54","2.05","","59.9","","","23.1","825","120","53.0","82.0","","397"
"2010","98","University of West London","197","3.76","1.67","","59.7","","","16.8","878","432","50.4","63.6","","396"
"2010","99","Wrexham University","212","3.83","1.69","","69.3","","","20.0","776","345","50.6","70.1","","395"
"2010","99","University of Wales, Newport","229","3.80","2.42","","55.8","","","26.4","530","304","54.8","72.0","","395"
"2010","101","University of Derby","231","3.75","1.96","","54.9","","","19.2","1073","251","46.6","76.5","","392"
"2010","102","University of Wolverhampton","204","3.70","2.01","","60.9","","","19.2","800","419","44.6","73.4","","391"
"2010","103","Buckinghamshire New University","210","3.64","1.67","","50.9","","","20.4","550","633","46.3","79.7","","388"
"2010","104","Liverpool John Moores University","244","3.72","2.15","","58.8","","","19.7","790","212","45.7","76.2","","387"
"2010","104","University of Northampton","233","3.83","1.69","","59.5","","","20.8","693","209","53.7","81.4","","387"
"2010","106","University of East London","191","3.63","2.24","","62.7","","","22.7","725","404","44.4","71.6","","371"
"2010","107","Canterbury Christ Church University","238","3.80","1.79","","59.0","","","19.1","537","148","49.7","80.3","","358"
"2010","108","University of Cumbria","256","3.71","1.23","","71.4","","","31.7","496","181","48.8","84.6","","348"
"2010","109","Edge Hill University","248","3.84","1.50","","56.8","","","19.9","928","160","46.1","79.2","","344"
"2010","110","Southampton, Solent University","211","3.58","1.49","","56.6","","","21.6","699","351","45.7","74.5","","338"
"2010","111","University of Greenwich","212","3.91","1.90","","59.6","","","23.1","619","219","44.9","75.8","","333"
"2010","112","University of Greater Manchester","213","3.77","1.75","","59.1","","","19.4","392","328","53.5","56.0","","308"
"2010","113","London South Bank University","179","3.63","2.24","","63.2","","","27.9","652","149","53.7","69.4","","280"
"2011","1","University of Oxford","532","4.11","2.96","","82.8","","","10.8","2909","469","91.8","98.4","","1000"
"2011","2","University of Cambridge","547","4.10","2.98","","82.3","","","11.7","1859","693","87.3","98.6","","940"
"2011","3","Imperial College London","504","3.81","2.94","","88.9","","","10.5","3182","648","72.7","95.1","","938"
"2011","4","Durham University","468","3.98","2.72","","77.8","","","15.9","1141","776","79.0","97.8","","847"
"2011","5","London School of Economics and Political Science, University of London","494","3.76","2.96","","81.9","","","14.0","1563","304","76.5","95.3","","831"
"2011","6","University of St Andrews","455","4.15","2.72","","74.4","","","13.1","1269","388","85.6","95.0","","820"
"2011","7","University of Warwick","464","3.92","2.80","","77.9","","","13.3","1555","402","79.9","95.3","","814"
"2011","8","Lancaster University","393","3.98","2.71","","77.6","","","13.5","1134","534","68.3","94.1","","810"
"2011","9","UCL (University College London)","458","3.91","2.84","","80.8","","","8.9","1724","225","81.0","94.8","","800"
"2011","10","University of York","423","4.05","2.78","","71.5","","","14.0","1286","469","75.3","94.9","","786"
"2011","11","The University of Edinburgh","439","3.71","2.75","","76.2","","","13.4","1795","399","80.2","92.0","","775"
"2011","12","University of Bath","451","3.94","2.71","","80.9","","","15.9","1028","441","74.2","94.8","","765"
"2011","13","King's College London, University of London","421","3.82","2.69","","80.5","","","11.3","1588","329","75.6","94.1","","755"
"2011","14","University of Southampton","407","3.89","2.72","","76.3","","","13.5","1310","472","74.4","92.6","","750"
"2011","15","SOAS University of London","387","3.83","2.60","","73.1","","","11.1","1623","247","73.1","88.0","","749"
"2011","16","University of Bristol","448","3.85","2.72","","78.3","","","13.8","1555","332","78.6","95.2","","740"
"2011","17","Aston University, Birmingham","364","3.89","2.43","","75.2","","","18.1","870","682","70.1","91.5","","737"
"2011","18","University of Nottingham","412","3.89","2.67","","75.7","","","13.9","1051","417","75.0","94.4","","732"
"2011","19","University of Sussex","371","3.95","2.61","","72.6","","","15.4","961","372","80.0","90.8","","730"
"2011","20","University of Buckingham","287","4.32","","","85.2","","","9.1","575","545","48.1","87.8","","727"
"2011","21","Loughborough University","370","4.14","2.62","","71.3","","","18.3","739","502","69.9","93.9","","725"
"2011","22","University of Leicester","374","4.14","2.45","","74.2","","","16.3","1113","491","71.6","92.6","","724"
"2011","23","University of Birmingham","404","3.93","2.64","","69.9","","","15.6","1369","445","72.2","93.4","","719"
"2011","24","University of Exeter","408","4.09","2.62","","66.8","","","18.3","1025","431","79.6","95.8","","718"
"2011","25","University of Sheffield","411","3.96","2.72","","72.3","","","14.3","1066","369","72.8","92.1","","709"
"2011","26","University of Glasgow","399","4.01","2.59","","72.1","","","14.2","1119","577","70.3","84.3","","708"
"2011","27","University of Leeds","397","3.86","2.72","","70.5","","","14.7","907","485","74.2","92.7","","706"
"2011","28","University of East Anglia UEA","366","4.08","2.58","","69.1","","","15.5","1076","459","71.2","90.4","","703"
"2011","29","Newcastle University","399","3.94","2.63","","72.4","","","15.1","1143","413","72.0","92.9","","700"
"2011","30","Royal Holloway, University of London","366","3.93","2.67","","62.7","","","14.9","955","410","70.9","93.2","","693"
"2011","31","University of Manchester","416","3.68","2.82","","71.1","","","14.9","1227","421","70.3","92.4","","685"
"2011","32","University of Liverpool","403","3.81","2.54","","70.6","","","12.7","1496","329","71.1","89.6","","680"
"2011","33","University of Surrey","372","3.87","2.58","","79.6","","","18.0","971","378","68.1","83.5","","668"
"2011","34","Heriot-Watt University","338","3.75","2.48","","74.7","","","17.0","984","559","68.6","82.5","","665"
"2011","35","Queen's University Belfast","368","3.79","2.56","","74.7","","","15.3","1085","578","68.5","85.3","","663"
"2011","35","University of Strathclyde","388","3.87","2.45","","75.5","","","17.8","1224","286","71.7","84.7","","663"
"2011","37","University of Essex","311","3.89","2.77","","60.2","","","13.9","1127","442","58.3","86.5","","656"
"2011","38","University of Kent","319","3.98","2.60","","68.6","","","14.8","815","370","63.9","86.9","","654"
"2011","39","Queen Mary University of London","354","3.90","2.73","","76.0","","","13.2","924","407","64.6","89.6","","650"
"2011","40","University of Reading","350","3.91","2.53","","66.0","","","16.6","750","331","69.8","91.8","","641"
"2011","41","University of Hertfordshire","241","3.82","2.40","","62.9","","","16.2","789","968","59.5","81.4","","639"
"2011","41","Cardiff University","392","3.80","2.69","","72.8","","","15.1","1020","261","69.0","93.4","","639"
"2011","43","Keele University","302","3.94","2.41","","68.3","","","13.3","739","393","65.6","88.5","","636"
"2011","44","University of Aberdeen","357","3.97","2.57","","76.8","","","14.9","1023","254","67.6","80.0","","632"
"2011","45","University of Dundee","344","3.98","2.54","","68.6","","","14.6","1039","296","68.4","79.5","","625"
"2011","46","Brunel University of London","315","3.76","2.32","","66.1","","","20.0","977","485","66.8","86.2","","618"
"2011","47","City, University of London","340","3.74","2.48","","79.4","","","18.8","917","330","68.2","82.7","","611"
"2011","47","Aberystwyth University","292","4.05","2.48","","61.5","","","16.0","855","389","60.1","85.9","","611"
"2011","49","Nottingham Trent University","274","3.84","2.16","","71.0","","","18.8","827","491","55.1","85.6","","603"
"2011","50","Oxford Brookes University","309","3.90","2.20","","67.0","","","17.9","732","440","66.8","85.6","","600"
"2011","51","Robert Gordon University","314","3.89","2.06","","83.4","","","19.2","919","295","56.9","83.5","","595"
"2011","52","University of Stirling","314","3.98","2.41","","67.6","","","17.0","933","182","65.5","82.9","","592"
"2011","53","University of Chichester","270","4.07","1.96","","59.9","","","15.9","670","419","50.2","87.0","","567"
"2011","54","Ulster University","269","3.84","2.48","","58.9","","","16.3","1104","394","61.2","77.8","","564"
"2011","55","Bournemouth University","297","3.80","2.18","","70.8","","","24.2","945","227","61.5","85.3","","563"
"2011","56","University of Hull","290","4.01","2.37","","70.0","","","19.8","844","310","58.0","82.5","","561"
"2011","57","Goldsmiths, University of London","318","3.84","2.58","","56.7","","","16.8","674","184","66.0","82.4","","559"
"2011","58","Birmingham City University","254","3.78","2.31","","69.1","","","19.0","844","583","56.2","77.4","","552"
"2011","59","Cardiff Metropolitan University","260","3.87","1.88","","61.1","","","20.1","863","469","54.5","82.5","","549"
"2011","60","Swansea University","299","3.90","2.43","","58.4","","","15.4","846","302","56.0","88.1","","547"
"2011","61","University of Bradford","275","3.84","2.34","","71.1","","","16.0","866","278","62.2","79.7","","540"
"2011","62","University of Gloucestershire","255","3.86","1.72","","60.3","","","19.7","946","339","60.9","81.9","","537"
"2011","63","Bangor University","284","3.94","2.43","","59.6","","","17.3","854","236","56.9","86.4","","536"
"2011","64","Northumbria University, Newcastle","299","3.83","2.15","","70.5","","","21.4","779","264","56.2","85.8","","535"
"2011","65","University of Plymouth","279","3.82","2.18","","57.7","","","15.6","821","299","61.8","83.9","","533"
"2011","65","De Montfort University","247","3.88","2.32","","69.4","","","16.5","799","247","51.5","82.0","","533"
"2011","67","University of Huddersfield","272","3.89","2.10","","61.1","","","15.9","891","271","57.3","77.6","","529"
"2011","68","Sheffield Hallam University","274","3.70","2.05","","63.0","","","19.0","726","235","63.0","85.2","","528"
"2011","68","Bristol, UWE","273","3.85","2.20","","60.0","","","19.6","746","383","62.9","81.1","","528"
"2011","70","University of the Arts London","280","3.57","2.49","","56.2","","","20.0","806","146","60.5","85.7","","525"
"2011","71","University of Lincoln","273","3.94","1.90","","60.6","","","20.3","771","255","56.2","83.5","","523"
"2011","72","University of Lancashire","263","3.91","1.96","","61.0","","","17.1","939","483","49.7","73.9","","522"
"2011","73","University of Brighton","281","3.84","2.37","","61.6","","","19.7","591","279","58.9","83.5","","512"
"2011","74","Edinburgh Napier University","264","3.80","1.83","","72.0","","","19.2","838","180","63.9","75.7","","511"
"2011","75","Coventry University","274","3.77","1.85","","64.2","","","18.7","811","295","64.9","76.4","","507"
"2011","76","University of Winchester","270","3.89","2.16","","51.6","","","17.8","587","291","57.5","85.5","","504"
"2011","77","Queen Margaret University, Edinburgh","299","3.87","1.37","","66.3","","","20.3","892","124","63.4","79.5","","503"
"2011","78","York St John University","280","3.87","1.40","","57.1","","","20.2","927","323","56.2","85.5","","502"
"2011","79","Glasgow Caledonian University","328","3.85","2.01","","62.6","","","23.9","931","166","66.0","79.7","","498"
"2011","80","University of Staffordshire","241","3.83","1.62","","67.4","","","19.6","833","340","50.8","79.7","","497"
"2011","81","University of Chester","268","3.87","1.74","","65.6","","","18.4","586","234","56.7","78.9","","496"
"2011","81","University of Cumbria","274","3.76","1.23","","67.2","","","15.4","936","221","50.6","82.6","","496"
"2011","83","Bath Spa University","283","3.95","1.89","","55.1","","","26.5","425","158","65.9","90.4","","484"
"2011","84","Kingston University","235","3.79","2.04","","57.7","","","20.2","708","347","60.7","81.6","","477"
"2011","85","Leeds Beckett University","263","3.61","2.05","","67.2","","","23.0","738","257","53.4","81.3","","475"
"2011","86","University of Glamorgan","271","3.80","2.04","","56.1","","","17.9","835","334","56.0","69.8","","472"
"2011","87","University of Roehampton","245","3.76","2.20","","57.7","","","19.2","1087","199","52.2","82.2","","469"
"2011","88","Edge Hill University","259","3.94","1.50","","63.9","","","18.0","1106","167","47.6","79.0","","468"
"2011","89","University of Portsmouth","273","3.94","2.24","","54.6","","","20.6","935","226","51.3","82.9","","466"
"2011","89","Manchester Metropolitan University","268","3.74","2.16","","57.5","","","20.0","822","265","57.2","78.9","","466"
"2011","89","University of Wales, Newport","249","3.87","2.42","","58.7","","","23.0","597","380","52.5","79.3","","466"
"2011","92","Wrexham University","232","3.88","1.69","","62.6","","","21.1","992","421","52.8","77.3","","464"
"2011","93","University of Sunderland","232","3.92","1.86","","58.6","","","16.7","569","338","48.6","76.1","","462"
"2011","94","University of Westminster, London","267","3.62","2.23","","53.2","","","16.4","711","254","52.7","79.4","","461"
"2011","95","University of West London","201","3.73","1.67","","59.6","","","14.7","1027","396","49.2","67.2","","460"
"2011","96","University of Salford","266","3.76","2.36","","59.8","","","18.7","762","299","52.3","74.6","","459"
"2011","97","Middlesex University","184","3.64","2.18","","56.5","","","23.6","1597","449","50.3","75.8","","455"
"2011","98","Abertay University","256","3.87","1.83","","56.6","","","21.4","1099","307","54.0","70.1","","453"
"2011","99","University of Wales, Lampeter","262","4.01","2.11","","57.2","","","18.6","714","213","53.6","73.1","","448"
"2011","100","University of Northampton","240","3.86","1.69","","54.9","","","21.3","821","214","57.6","80.6","","446"
"2011","101","University of Bedfordshire","200","3.84","2.09","","60.2","","","19.3","413","471","44.5","82.6","","442"
"2011","102","Liverpool John Moores University","246","3.81","2.15","","54.2","","","20.0","852","235","53.6","77.3","","432"
"2011","102","University of Worcester","260","3.85","1.54","","62.4","","","21.0","752","128","52.1","79.9","","432"
"2011","104","University of Derby","237","3.84","1.96","","56.8","","","19.8","1075","245","46.2","74.2","","422"
"2011","105","Teesside University","258","3.95","1.99","","60.0","","","20.1","716","226","53.5","71.2","","420"
"2011","106","Anglia Ruskin University","254","3.64","2.07","","58.5","","","19.8","784","205","55.4","75.7","","415"
"2011","106","Canterbury Christ Church University","247","3.87","1.79","","64.7","","","21.0","615","181","49.2","80.5","","415"
"2011","108","Buckinghamshire New University","207","3.72","1.67","","45.7","","","20.6","590","662","43.8","77.9","","404"
"2011","109","University for the Creative Arts","264","3.58","1.90","","45.3","","","36.7","1277","317","50.0","83.8","","401"
"2011","110","University of Greenwich","241","3.93","1.90","","59.7","","","25.5","644","255","47.4","75.8","","392"
"2011","111","Southampton, Solent University","241","3.73","1.49","","49.2","","","22.2","687","325","42.3","75.1","","376"
"2011","112","University of Greater Manchester","209","3.76","1.75","","56.5","","","18.5","459","304","48.5","62.6","","363"
"2011","113","University of East London","187","3.66","2.24","","52.9","","","23.3","743","320","46.4","79.4","","362"
"2011","114","London South Bank University","192","3.76","2.24","","58.5","","","24.4","793","165","45.8","66.4","","293"
"2011","115","London Metropolitan University","212","3.57","1.84","","46.0","","","19.8","729","156","48.9","66.1","","292"
"2012","1","University of Cambridge","559","4.15","2.98","","85.5","","","11.7","2013","690","88.3","98.7","","1000"
"2012","2","University of Oxford","536","4.18","2.96","","85.0","","","10.8","2768","293","91.2","97.9","","992"
"2012","3","Imperial College London","519","3.84","2.94","","86.7","","","10.9","3089","681","76.2","91.2","","940"
"2012","4","London School of Economics and Political Science, University of London","513","3.86","2.96","","84.1","","","11.8","1905","376","79.0","95.7","","928"
"2012","5","Durham University","487","4.02","2.72","","80.4","","","15.3","1233","840","79.4","96.7","","890"
"2012","6","University of St Andrews","485","4.14","2.72","","76.3","","","13.3","1463","427","86.7","93.8","","854"
"2012","7","UCL (University College London)","477","3.96","2.84","","81.1","","","9.7","1743","220","83.2","94.9","","842"
"2012","8","University of Warwick","480","3.98","2.80","","72.5","","","14.1","1456","430","80.7","95.5","","822"
"2012","9","Lancaster University","407","3.97","2.71","","71.8","","","13.8","1167","547","73.6","93.8","","820"
"2012","10","University of Bath","459","4.01","2.71","","77.9","","","16.1","1113","452","76.6","96.4","","800"
"2012","11","University of Bristol","467","3.90","2.72","","77.7","","","13.5","1622","343","80.8","96.0","","794"
"2012","12","University of York","437","4.07","2.78","","68.2","","","14.9","1203","527","75.6","95.4","","790"
"2012","13","The University of Edinburgh","442","3.83","2.75","","72.4","","","14.4","1713","449","81.3","92.5","","782"
"2012","14","University of Southampton","427","3.90","2.72","","70.8","","","13.6","1347","459","75.3","93.1","","779"
"2012","15","University of Exeter","439","4.12","2.62","","70.3","","","19.0","1094","471","82.8","96.4","","768"
"2012","16","King's College London, University of London","447","3.90","2.69","","82.6","","","12.0","1492","329","75.3","93.8","","758"
"2012","17","University of Nottingham","428","3.95","2.67","","77.9","","","14.2","1037","424","73.0","94.5","","753"
"2012","18","SOAS University of London","423","3.85","2.60","","68.7","","","11.1","1593","222","75.0","86.9","","751"
"2012","19","Loughborough University","390","4.13","2.62","","69.2","","","17.1","899","525","69.6","89.3","","749"
"2012","19","University of Sussex","380","4.10","2.61","","69.3","","","16.1","1001","355","82.7","91.7","","749"
"2012","21","University of Glasgow","408","4.04","2.59","","72.1","","","14.5","1264","599","73.7","86.9","","748"
"2012","22","University of Birmingham","421","3.96","2.64","","71.8","","","15.4","1393","436","72.9","93.9","","742"
"2012","23","University of Leicester","399","4.11","2.45","","71.5","","","14.7","1260","506","66.8","92.7","","740"
"2012","24","Newcastle University","410","3.98","2.63","","75.4","","","15.3","1202","423","75.5","94.2","","738"
"2012","25","Aston University, Birmingham","370","3.90","2.43","","74.8","","","17.1","954","634","66.0","91.8","","735"
"2012","26","University of Sheffield","426","3.98","2.72","","73.6","","","14.9","1081","357","73.1","94.1","","729"
"2012","27","University of East Anglia UEA","386","4.11","2.58","","66.1","","","14.9","1091","459","69.6","90.1","","728"
"2012","28","University of Surrey","388","3.87","2.58","","76.4","","","19.0","1105","457","66.0","91.5","","715"
"2012","29","University of Manchester","422","3.75","2.82","","70.4","","","15.4","1219","456","70.6","93.6","","714"
"2012","30","University of Liverpool","401","3.86","2.54","","70.3","","","13.2","1575","352","71.5","90.8","","712"
"2012","31","Queen's University Belfast","362","3.87","2.56","","69.4","","","14.8","1174","610","71.8","85.2","","710"
"2012","32","University of Leeds","408","3.87","2.72","","65.8","","","14.9","855","483","76.7","92.1","","702"
"2012","33","Royal Holloway, University of London","381","3.98","2.67","","63.1","","","15.7","964","402","68.8","92.3","","693"
"2012","34","University of Reading","370","3.95","2.53","","66.3","","","15.5","922","293","67.3","91.0","","684"
"2012","34","University of Kent","329","3.98","2.60","","67.3","","","14.4","821","378","61.9","88.6","","684"
"2012","36","Queen Mary University of London","387","3.98","2.73","","71.7","","","13.6","1049","445","64.4","89.4","","683"
"2012","37","Cardiff University","406","3.88","2.69","","73.6","","","15.0","1040","281","68.5","93.0","","672"
"2012","38","University of Essex","307","3.97","2.77","","58.6","","","15.6","913","507","59.3","86.7","","668"
"2012","38","Heriot-Watt University","335","3.94","2.48","","68.8","","","19.1","945","529","68.0","85.4","","668"
"2012","40","University of Strathclyde","394","3.91","2.45","","73.0","","","18.0","1226","298","76.2","83.3","","665"
"2012","41","City, University of London","361","3.87","2.48","","70.6","","","17.6","1105","382","64.5","88.0","","646"
"2012","42","University of Buckingham","273","4.38","","","87.5","","","8.9","571","295","43.6","90.8","","639"
"2012","43","University of Dundee","353","3.99","2.54","","68.9","","","14.3","1039","286","68.5","81.9","","628"
"2012","44","Keele University","310","4.02","2.41","","67.5","","","14.5","753","368","61.6","90.2","","619"
"2012","45","University of Stirling","305","4.00","2.41","","66.2","","","19.3","846","257","63.6","86.6","","613"
"2012","46","University of Aberdeen","332","3.96","2.57","","69.4","","","15.8","977","261","67.4","80.7","","604"
"2012","46","Oxford Brookes University","314","3.95","2.20","","62.0","","","18.1","749","449","67.1","88.5","","604"
"2012","48","University of Hertfordshire","244","3.89","2.40","","59.7","","","18.5","650","822","62.1","83.9","","597"
"2012","49","Aberystwyth University","298","4.11","2.48","","55.1","","","18.1","871","367","58.5","86.3","","596"
"2012","50","Brunel University of London","325","3.76","2.32","","59.3","","","20.2","919","550","65.7","87.8","","594"
"2012","51","Robert Gordon University","295","3.89","2.06","","76.7","","","19.0","939","302","60.2","82.2","","575"
"2012","52","Ulster University","266","3.84","2.48","","53.9","","","17.0","1008","404","60.4","84.4","","572"
"2012","53","University of Plymouth","297","3.82","2.18","","64.3","","","16.4","850","326","61.4","84.9","","560"
"2012","54","Swansea University","314","3.88","2.43","","60.3","","","16.5","826","288","57.7","89.3","","559"
"2012","55","Nottingham Trent University","287","3.81","2.16","","60.6","","","19.7","810","500","54.8","84.1","","557"
"2012","56","University of Chichester","290","4.02","1.96","","54.4","","","16.6","704","410","54.0","88.7","","555"
"2012","57","Goldsmiths, University of London","327","3.84","2.58","","53.8","","","17.6","680","189","66.5","82.8","","551"
"2012","58","University of Huddersfield","273","3.94","2.10","","69.5","","","18.4","994","296","56.1","77.7","","548"
"2012","59","University of the Arts London","276","3.56","2.49","","53.1","","","20.2","909","164","64.8","89.0","","545"
"2012","60","Northumbria University, Newcastle","300","3.88","2.15","","68.0","","","20.3","853","288","58.6","81.8","","539"
"2012","61","Bristol, UWE","278","3.83","2.20","","61.4","","","20.7","776","414","62.2","82.1","","538"
"2012","62","Bournemouth University","297","3.79","2.18","","61.1","","","23.6","986","210","60.9","87.1","","534"
"2012","62","University of Hull","309","4.00","2.37","","64.6","","","20.1","835","321","52.0","83.4","","534"
"2012","62","Sheffield Hallam University","289","3.82","2.05","","61.8","","","19.8","744","239","61.6","84.0","","534"
"2012","65","University of Lancashire","260","3.92","1.96","","59.6","","","18.4","1010","491","52.8","80.9","","530"
"2012","66","Birmingham City University","263","3.76","2.31","","67.7","","","20.9","846","571","53.7","78.7","","526"
"2012","67","University of Lincoln","289","3.97","1.90","","55.9","","","19.7","812","263","57.7","86.1","","525"
"2012","68","University of Brighton","290","3.85","2.37","","55.5","","","18.8","625","315","61.4","82.5","","524"
"2012","68","Cardiff Metropolitan University","267","3.88","1.88","","55.3","","","20.7","846","419","55.3","84.7","","524"
"2012","70","University of Winchester","280","3.87","2.16","","54.0","","","17.7","611","285","60.5","83.9","","519"
"2012","71","Middlesex University","207","3.83","2.18","","57.8","","","21.0","1640","446","55.8","72.4","","517"
"2012","72","Coventry University","298","3.81","1.85","","59.9","","","15.7","747","303","61.4","77.7","","514"
"2012","73","University of Bradford","268","3.87","2.34","","69.4","","","17.5","857","314","57.5","78.5","","513"
"2012","73","University of Roehampton","259","3.77","2.20","","59.9","","","18.8","1069","253","54.7","82.1","","513"
"2012","75","University of Gloucestershire","264","3.90","1.72","","57.8","","","20.6","907","317","63.0","84.2","","510"
"2012","76","Glasgow Caledonian University","302","3.87","2.01","","57.3","","","20.9","1025","156","68.4","79.4","","504"
"2012","77","University of Westminster, London","273","3.70","2.23","","55.1","","","17.1","835","254","56.1","79.6","","502"
"2012","78","Bangor University","288","4.00","2.43","","59.7","","","20.7","742","213","57.1","81.1","","498"
"2012","79","University for the Creative Arts","269","3.60","1.90","","50.8","","","21.6","1179","343","53.3","85.2","","494"
"2012","80","University of Chester","273","3.89","1.74","","63.4","","","17.2","696","259","57.9","79.2","","489"
"2012","81","De Montfort University","259","3.92","2.32","","52.8","","","17.5","773","247","49.8","81.8","","488"
"2012","81","University of Portsmouth","283","3.94","2.24","","56.7","","","20.5","923","195","51.4","84.5","","488"
"2012","83","University of Glamorgan","279","3.88","2.04","","54.3","","","20.2","898","344","57.6","74.4","","485"
"2012","84","Edinburgh Napier University","296","3.83","1.83","","69.3","","","21.6","879","188","61.3","75.5","","484"
"2012","85","Bath Spa University","293","3.85","1.89","","46.5","","","21.1","546","222","69.0","89.1","","481"
"2012","86","University of Cumbria","263","3.75","1.23","","66.2","","","15.3","1078","246","55.8","84.8","","474"
"2012","87","Queen Margaret University, Edinburgh","309","3.90","1.37","","61.8","","","21.7","907","132","68.7","80.7","","469"
"2012","88","Kingston University","243","3.82","2.04","","52.3","","","19.9","724","358","61.9","80.4","","468"
"2012","89","University of Wales, Newport","252","3.88","2.42","","54.5","","","22.5","592","420","49.3","79.5","","467"
"2012","90","Teesside University","271","3.96","1.99","","61.9","","","19.5","820","268","52.6","78.0","","466"
"2012","91","University of Sunderland","246","3.89","1.86","","54.8","","","15.8","637","362","49.8","78.6","","465"
"2012","92","University of Wales Trinity Saint David","251","3.93","2.11","","59.7","","","18.7","719","392","48.8","79.8","","463"
"2012","93","Manchester Metropolitan University","271","3.74","2.16","","57.1","","","20.6","809","276","57.0","78.7","","462"
"2012","93","University of West London","220","3.68","1.67","","52.8","","","14.2","1194","397","50.2","72.4","","462"
"2012","95","Leeds Beckett University","267","3.78","2.05","","55.5","","","20.6","611","340","52.9","82.6","","460"
"2012","95","Abertay University","252","3.90","1.83","","57.7","","","19.4","921","349","51.0","74.3","","460"
"2012","97","University of Salford","280","3.82","2.36","","55.1","","","23.8","664","267","55.3","86.4","","459"
"2012","98","Edge Hill University","260","3.97","1.50","","63.2","","","18.5","951","153","51.1","79.1","","453"
"2012","99","University of Staffordshire","241","3.90","1.62","","60.7","","","21.7","749","349","52.4","79.5","","452"
"2012","100","Canterbury Christ Church University","247","3.82","1.79","","63.3","","","18.6","692","227","54.5","84.4","","447"
"2012","101","Liverpool John Moores University","263","3.78","2.15","","50.5","","","20.9","892","227","59.2","80.8","","442"
"2012","102","York St John University","282","3.95","1.40","","51.8","","","21.2","840","315","58.3","82.0","","439"
"2012","103","University of Bedfordshire","187","3.79","2.09","","61.2","","","10.7","477","572","44.4","76.2","","438"
"2012","104","Wrexham University","231","3.87","1.69","","65.5","","","22.5","1006","396","49.4","76.1","","430"
"2012","105","University of Northampton","238","3.92","1.69","","52.9","","","22.9","883","187","60.9","83.0","","429"
"2012","106","University of Worcester","271","3.89","1.54","","60.8","","","21.9","710","126","54.4","84.3","","421"
"2012","107","Buckinghamshire New University","212","3.69","1.67","","48.8","","","22.3","671","636","49.3","81.8","","416"
"2012","108","University of Derby","250","3.86","1.96","","52.3","","","20.5","1053","234","50.1","73.1","","414"
"2012","109","University of Greenwich","215","4.00","1.90","","54.7","","","23.3","795","339","46.7","79.8","","413"
"2012","110","Anglia Ruskin University","254","3.71","2.07","","55.5","","","22.7","745","198","56.9","82.4","","412"
"2012","111","Southampton, Solent University","266","3.87","1.49","","46.2","","","21.5","697","345","42.7","74.3","","384"
"2012","112","University of the West of Scotland","241","3.90","1.84","","58.3","","","20.1","1062","142","43.1","67.8","","362"
"2012","113","University of East London","200","3.75","2.24","","48.6","","","23.3","719","246","44.4","74.5","","335"
"2012","114","University of Greater Manchester","222","3.88","1.75","","45.4","","","20.4","367","223","45.7","66.2","","301"
"2012","115","London Metropolitan University","221","3.59","1.84","","45.5","","","19.7","739","150","49.8","68.2","","296"
"2012","116","London South Bank University","201","3.83","2.24","","49.3","","","23.3","841","174","33.9","76.1","","295"
"2013","1","University of Cambridge","593","4.21","2.98","","84.4","","","11.8","2165","700","87.4","98.9","","1000"
"2013","2","London School of Economics and Political Science, University of London","526","4.01","2.96","","87.8","","","11.8","2076","448","80.9","96.5","","996"
"2013","3","University of Oxford","572","4.22","2.96","","79.8","","","11.1","2831","308","90.9","98.1","","995"
"2013","4","Imperial College London","553","3.87","2.94","","87.1","","","11.6","2867","705","81.7","95.9","","959"
"2013","5","Durham University","501","4.10","2.72","","78.5","","","15.3","1297","889","81.8","96.3","","912"
"2013","6","University of Warwick","496","4.00","2.80","","77.6","","","14.5","1493","461","80.8","96.5","","855"
"2013","6","University of St Andrews","515","4.17","2.72","","74.1","","","13.6","1582","419","82.9","97.4","","855"
"2013","8","UCL (University College London)","495","3.95","2.84","","79.9","","","10.1","1772","273","81.0","93.9","","847"
"2013","9","Lancaster University","409","4.05","2.71","","73.6","","","14.8","1125","567","73.4","93.5","","841"
"2013","10","University of Bath","457","4.08","2.71","","79.1","","","17.1","1174","431","81.1","96.5","","824"
"2013","11","University of Bristol","477","4.05","2.72","","79.2","","","14.3","1612","350","83.2","96.5","","812"
"2013","12","University of York","450","4.06","2.78","","70.6","","","15.6","1231","574","74.7","94.5","","811"
"2013","13","University of Exeter","456","4.12","2.62","","73.0","","","18.5","1241","511","82.8","96.1","","809"
"2013","14","Loughborough University","391","4.11","2.62","","72.1","","","16.7","1072","542","70.1","93.2","","803"
"2013","15","University of Southampton","439","3.92","2.72","","72.0","","","13.4","1437","461","76.4","92.7","","802"
"2013","16","The University of Edinburgh","470","3.84","2.75","","74.5","","","13.9","1383","466","82.8","92.2","","801"
"2013","17","University of Glasgow","459","4.07","2.59","","77.0","","","15.3","1393","616","74.1","88.3","","792"
"2013","18","King's College London, University of London","456","3.92","2.69","","79.6","","","11.7","1451","377","78.7","92.3","","781"
"2013","19","University of Nottingham","435","3.97","2.67","","76.0","","","14.1","1131","425","74.9","94.9","","776"
"2013","20","University of Leicester","407","4.13","2.45","","65.1","","","13.7","1417","552","70.4","92.6","","774"
"2013","21","University of Sussex","381","4.06","2.61","","71.1","","","16.6","1147","390","79.2","92.5","","773"
"2013","22","University of Surrey","394","4.04","2.58","","72.5","","","17.9","1305","540","67.6","89.6","","772"
"2013","23","Newcastle University","425","4.05","2.63","","76.5","","","15.3","1266","434","74.6","93.9","","769"
"2013","23","University of Birmingham","433","3.92","2.64","","74.0","","","15.5","1485","456","76.1","94.4","","769"
"2013","25","Queen's University Belfast","383","3.91","2.56","","71.9","","","15.3","1243","639","73.4","91.9","","754"
"2013","26","Royal Holloway, University of London","394","3.98","2.67","","66.1","","","15.6","1043","440","71.8","92.2","","750"
"2013","27","University of East Anglia UEA","393","4.12","2.58","","62.8","","","13.9","1113","504","69.6","88.4","","749"
"2013","28","University of Sheffield","443","4.03","2.72","","72.7","","","15.4","1087","368","73.9","94.0","","745"
"2013","29","University of Manchester","421","3.85","2.82","","70.5","","","15.2","1234","465","71.8","92.9","","744"
"2013","30","SOAS University of London","408","3.82","2.60","","64.5","","","11.3","1622","214","75.4","84.8","","743"
"2013","31","University of Liverpool","406","3.92","2.54","","71.0","","","13.0","1635","390","72.7","92.7","","740"
"2013","32","University of Reading","374","4.01","2.53","","69.3","","","14.9","1053","314","73.4","92.2","","737"
"2013","33","University of Kent","348","4.00","2.60","","69.6","","","14.6","841","398","67.8","89.7","","732"
"2013","34","Aston University, Birmingham","379","3.97","2.43","","75.7","","","17.0","1076","389","67.8","89.6","","729"
"2013","34","University of Leeds","411","3.96","2.72","","73.0","","","15.7","825","445","77.3","90.9","","729"
"2013","36","Cardiff University","431","3.92","2.69","","76.1","","","14.4","1058","304","71.7","92.9","","720"
"2013","37","University of Strathclyde","435","3.93","2.45","","72.0","","","17.9","1289","321","76.0","84.2","","710"
"2013","38","City, University of London","370","3.88","2.48","","71.7","","","16.6","1302","394","69.0","85.8","","703"
"2013","39","University of Essex","326","3.97","2.77","","53.7","","","15.9","914","555","62.5","87.7","","701"
"2013","40","Heriot-Watt University","383","4.02","2.48","","71.5","","","18.8","935","546","68.8","81.9","","700"
"2013","41","Brunel University of London","342","4.01","2.32","","61.3","","","18.0","1104","574","63.1","86.1","","699"
"2013","42","Queen Mary University of London","393","4.02","2.73","","71.1","","","13.1","1080","441","62.7","87.8","","689"
"2013","43","University of Dundee","371","3.96","2.54","","68.2","","","14.2","1039","279","71.2","81.6","","665"
"2013","44","University of Aberdeen","397","4.00","2.57","","71.5","","","16.2","1027","292","68.7","81.7","","657"
"2013","45","Oxford Brookes University","323","3.91","2.20","","64.1","","","16.7","801","501","67.6","86.0","","643"
"2013","46","Keele University","335","4.10","2.41","","71.8","","","16.0","761","357","66.0","87.0","","641"
"2013","47","University of Hertfordshire","294","3.90","2.40","","60.7","","","19.8","624","954","61.8","78.1","","628"
"2013","48","University of the Arts London","303","3.74","2.49","","55.5","","","17.4","974","198","65.0","88.3","","621"
"2013","49","Swansea University","341","3.83","2.43","","66.3","","","16.4","918","306","61.4","89.0","","615"
"2013","50","Goldsmiths, University of London","339","3.92","2.58","","52.2","","","17.7","700","191","70.1","81.3","","610"
"2013","50","University of Stirling","332","4.03","2.41","","60.5","","","20.5","822","293","64.2","84.4","","610"
"2013","52","Robert Gordon University","332","3.97","2.06","","78.4","","","19.1","950","305","60.6","78.3","","609"
"2013","53","University of Lincoln","315","3.98","1.90","","67.0","","","18.8","884","286","58.6","85.6","","606"
"2013","54","Northumbria University, Newcastle","314","3.92","2.15","","63.6","","","18.2","921","340","59.5","87.7","","604"
"2013","55","University of Buckingham","271","4.38","","","76.4","","","10.5","705","371","42.2","79.3","","602"
"2013","56","University of Hull","325","4.05","2.37","","67.8","","","19.9","878","364","53.9","84.5","","599"
"2013","57","University of Huddersfield","297","4.05","2.10","","69.3","","","17.9","1053","315","55.7","77.8","","597"
"2013","58","Bristol, UWE","297","3.92","2.20","","65.1","","","20.8","875","504","63.9","77.7","","592"
"2013","58","Aberystwyth University","305","4.08","2.48","","52.1","","","19.1","879","363","59.2","85.9","","592"
"2013","60","Ulster University","282","3.86","2.48","","49.9","","","16.5","1064","452","63.4","78.6","","591"
"2013","61","Bournemouth University","324","3.66","2.18","","65.1","","","20.4","1073","239","64.8","85.0","","586"
"2013","62","Nottingham Trent University","300","3.80","2.16","","59.6","","","19.5","887","534","55.9","84.0","","585"
"2013","63","Birmingham City University","280","3.94","2.31","","61.9","","","21.1","910","602","59.2","77.9","","581"
"2013","63","University of Plymouth","300","3.86","2.18","","62.4","","","16.6","880","353","61.1","84.5","","581"
"2013","65","Coventry University","284","4.03","1.85","","66.8","","","15.4","749","269","61.2","78.0","","575"
"2013","66","Bangor University","293","4.05","2.43","","61.9","","","19.1","815","248","60.2","79.7","","573"
"2013","67","University of Chichester","290","4.07","1.96","","53.5","","","18.4","692","363","59.0","89.0","","568"
"2013","68","University of Chester","282","4.02","1.74","","67.1","","","16.6","854","324","60.0","78.6","","561"
"2013","69","University of Lancashire","294","3.94","1.96","","57.7","","","18.5","1166","511","52.3","74.3","","555"
"2013","70","University of Brighton","289","3.95","2.37","","52.7","","","18.6","612","322","62.0","84.8","","554"
"2013","71","University of Bradford","277","3.95","2.34","","69.0","","","17.6","934","362","50.8","80.4","","553"
"2013","72","Sheffield Hallam University","302","3.82","2.05","","57.6","","","19.6","777","251","61.8","84.5","","550"
"2013","73","University of Westminster, London","290","3.74","2.23","","59.3","","","18.4","972","265","58.3","78.3","","549"
"2013","74","University of Gloucestershire","286","4.00","1.72","","53.3","","","21.4","947","327","68.7","83.9","","548"
"2013","75","Bath Spa University","301","3.99","1.89","","53.7","","","21.6","566","245","67.0","87.8","","544"
"2013","76","University of Winchester","287","3.89","2.16","","51.0","","","18.5","671","301","62.4","85.5","","543"
"2013","77","University of Portsmouth","287","3.95","2.24","","61.9","","","19.8","974","190","54.2","85.2","","540"
"2013","78","University of Salford","283","3.82","2.36","","56.4","","","16.2","707","351","57.1","75.1","","539"
"2013","79","Cardiff Metropolitan University","271","3.95","1.88","","52.2","","","19.9","886","429","54.6","82.9","","538"
"2013","80","De Montfort University","283","3.98","2.32","","56.0","","","18.1","789","260","52.8","81.6","","537"
"2013","81","Glasgow Caledonian University","331","3.82","2.01","","55.5","","","20.9","1135","240","66.8","75.9","","533"
"2013","82","University of Bedfordshire","207","3.92","2.09","","57.4","","","19.4","704","767","53.6","74.2","","527"
"2013","83","Middlesex University","219","3.87","2.18","","55.5","","","21.9","1788","417","54.7","70.0","","523"
"2013","84","Queen Margaret University, Edinburgh","328","3.79","1.37","","56.8","","","20.6","997","185","71.7","80.3","","517"
"2013","85","Kingston University","278","3.80","2.04","","56.6","","","19.8","744","360","61.0","80.2","","514"
"2013","86","Manchester Metropolitan University","291","3.76","2.16","","58.1","","","19.1","793","293","58.5","77.3","","511"
"2013","87","Canterbury Christ Church University","255","3.89","1.79","","62.9","","","17.6","756","296","59.0","84.9","","510"
"2013","88","University of Roehampton","258","3.86","2.20","","60.1","","","20.8","1013","271","54.8","77.0","","503"
"2013","89","University of Sunderland","274","3.97","1.86","","50.2","","","16.9","729","410","50.5","79.5","","502"
"2013","90","Liverpool John Moores University","268","3.89","2.15","","51.8","","","21.0","993","245","60.6","83.6","","500"
"2013","91","University of Glamorgan","286","3.93","2.04","","54.9","","","20.7","784","326","58.7","72.1","","496"
"2013","91","Edinburgh Napier University","290","3.91","1.83","","65.4","","","23.6","855","198","64.4","75.3","","496"
"2013","93","Buckinghamshire New University","231","3.86","1.67","","48.7","","","23.3","780","901","47.2","83.1","","492"
"2013","94","Edge Hill University","262","4.03","1.50","","62.0","","","18.5","997","175","56.4","79.2","","491"
"2013","95","University for the Creative Arts","260","3.77","1.90","","49.5","","","19.3","1159","433","48.9","80.5","","488"
"2013","95","Leeds Beckett University","261","3.80","2.05","","53.6","","","19.5","525","431","54.5","80.8","","488"
"2013","97","Teesside University","288","3.98","1.99","","58.6","","","19.5","905","300","52.8","73.0","","484"
"2013","98","University of Cumbria","262","3.77","1.23","","60.4","","","17.2","899","334","61.1","81.1","","478"
"2013","98","University of Derby","273","3.96","1.96","","52.2","","","18.1","1050","240","46.8","76.2","","478"
"2013","100","Wrexham University","212","4.01","1.69","","66.9","","","21.0","1178","395","54.4","73.7","","477"
"2013","101","University of Northampton","238","3.90","1.69","","50.4","","","20.6","919","405","57.2","79.9","","475"
"2013","102","University of Greenwich","252","4.04","1.90","","55.1","","","22.1","902","413","51.5","74.2","","473"
"2013","103","York St John University","280","3.98","1.40","","53.1","","","21.4","839","324","58.7","84.2","","469"
"2013","104","University of Wales Trinity Saint David","244","3.84","2.11","","51.1","","","18.8","774","461","48.3","75.6","","468"
"2013","105","University of Wales, Newport","257","3.89","2.42","","50.0","","","24.8","557","415","51.4","78.1","","458"
"2013","106","Anglia Ruskin University","240","3.87","2.07","","54.8","","","19.1","842","227","55.6","79.2","","456"
"2013","107","University of Worcester","282","3.96","1.54","","56.2","","","21.5","730","202","55.3","81.9","","453"
"2013","108","University of Staffordshire","246","3.93","1.62","","58.9","","","21.6","760","384","50.6","75.9","","452"
"2013","109","London South Bank University","211","3.80","2.24","","61.0","","","22.4","940","187","55.1","76.1","","432"
"2013","109","University of West London","229","3.84","1.67","","53.8","","","21.0","1307","358","47.7","68.2","","432"
"2013","111","Abertay University","277","3.95","1.83","","48.8","","","25.2","711","390","51.3","67.7","","413"
"2013","112","Southampton, Solent University","265","3.77","1.49","","41.9","","","21.2","725","398","48.1","74.9","","398"
"2013","113","University of the West of Scotland","269","3.88","1.84","","58.2","","","22.2","1004","120","47.9","69.3","","394"
"2013","114","London Metropolitan University","224","3.70","1.84","","47.9","","","19.2","596","133","50.1","71.3","","358"
"2013","115","University of East London","195","3.90","2.24","","48.6","","","23.7","647","208","43.9","61.1","","313"
"2013","116","University of Greater Manchester","230","3.86","1.75","","41.4","","","19.6","486","227","48.6","62.4","","312"
"2014","1","University of Cambridge","608","4.19","2.98","","84.9","","","11.6","2297","715","89.4","98.9","","1000"
"2014","2","University of Oxford","582","4.20","2.96","","79.7","","","11.1","2880","366","90.9","98.4","","990"
"2014","3","London School of Economics and Political Science, University of London","541","4.00","2.96","","85.1","","","11.1","1913","472","81.3","97.0","","975"
"2014","4","Imperial College London","560","3.99","2.94","","87.7","","","11.7","2448","681","84.6","97.0","","933"
"2014","5","Durham University","507","4.15","2.72","","79.5","","","15.1","1332","940","83.9","96.1","","925"
"2014","6","University of St Andrews","521","4.15","2.72","","75.4","","","12.6","1758","442","88.8","96.8","","891"
"2014","7","UCL (University College London)","509","3.95","2.84","","82.9","","","10.0","1832","269","84.0","96.6","","859"
"2014","8","University of Warwick","504","3.99","2.80","","77.1","","","14.3","1566","494","79.6","95.7","","854"
"2014","9","University of Bath","478","4.16","2.71","","81.8","","","16.8","1226","417","82.8","96.9","","852"
"2014","10","University of Exeter","468","4.17","2.62","","74.6","","","17.8","1382","576","83.8","97.2","","848"
"2014","11","Lancaster University","435","4.12","2.71","","74.4","","","15.4","1055","561","73.0","94.7","","842"
"2014","12","University of York","454","4.13","2.78","","69.6","","","15.5","1247","589","78.1","95.1","","826"
"2014","13","University of Surrey","409","4.15","2.58","","71.2","","","16.6","1445","586","74.7","92.7","","824"
"2014","14","Loughborough University","410","4.11","2.62","","73.2","","","16.9","1182","581","73.3","93.4","","818"
"2014","15","University of Bristol","485","4.01","2.72","","80.8","","","14.2","1566","369","84.0","97.4","","815"
"2014","16","University of Leicester","411","4.16","2.45","","69.5","","","12.9","1520","584","75.5","93.6","","812"
"2014","17","University of Birmingham","443","4.03","2.64","","79.1","","","14.8","1570","490","78.8","95.1","","810"
"2014","18","The University of Edinburgh","485","3.84","2.75","","75.0","","","13.9","1473","492","82.6","90.8","","802"
"2014","19","King's College London, University of London","463","3.89","2.69","","86.9","","","11.7","1415","407","80.6","92.8","","796"
"2014","20","University of East Anglia UEA","415","4.12","2.58","","68.9","","","13.5","1134","553","71.6","91.4","","795"
"2014","20","University of Southampton","432","4.06","2.72","","67.6","","","13.7","1415","456","77.6","93.5","","795"
"2014","22","Newcastle University","436","4.07","2.63","","77.2","","","15.3","1252","435","78.3","94.9","","784"
"2014","23","University of Glasgow","469","4.09","2.59","","79.8","","","16.4","1415","616","74.5","88.9","","779"
"2014","24","University of Nottingham","437","4.03","2.67","","72.5","","","14.0","1214","429","76.5","94.0","","777"
"2014","25","University of Manchester","453","3.98","2.82","","72.0","","","14.8","1199","468","72.0","93.4","","768"
"2014","26","University of Sheffield","440","4.07","2.72","","73.2","","","15.5","1084","383","77.5","95.3","","762"
"2014","27","Aston University, Birmingham","396","3.96","2.43","","78.1","","","16.2","1204","404","73.5","91.1","","760"
"2014","28","University of Kent","377","4.08","2.60","","68.7","","","14.6","836","406","73.5","90.5","","758"
"2014","29","Queen's University Belfast","384","4.10","2.56","","72.7","","","15.6","1159","660","71.7","91.8","","755"
"2014","30","Royal Holloway, University of London","396","4.08","2.67","","66.1","","","16.2","995","402","73.7","93.3","","754"
"2014","31","University of Sussex","403","4.04","2.61","","61.5","","","17.1","1060","452","79.6","92.4","","752"
"2014","32","University of Leeds","426","4.04","2.72","","71.9","","","16.8","987","407","79.5","93.2","","748"
"2014","33","SOAS University of London","418","3.83","2.60","","70.1","","","11.8","1589","217","80.6","87.1","","744"
"2014","34","St George's, University of London","416","3.74","2.28","","92.1","","","13.9","5448","79","59.8","94.1","","740"
"2014","35","Cardiff University","431","4.03","2.69","","74.9","","","14.2","988","331","74.5","93.2","","736"
"2014","35","Queen Mary University of London","413","4.01","2.73","","73.3","","","12.2","1352","502","68.1","89.0","","736"
"2014","37","University of Reading","376","4.04","2.53","","68.9","","","15.6","1109","311","74.6","90.5","","728"
"2014","38","University of Liverpool","416","3.96","2.54","","69.8","","","13.3","1551","420","72.8","91.6","","727"
"2014","39","University of Essex","335","4.03","2.77","","56.8","","","16.4","1041","688","60.7","85.7","","720"
"2014","40","Heriot-Watt University","390","4.18","2.48","","73.7","","","18.3","892","418","69.3","84.8","","713"
"2014","41","University of Strathclyde","462","4.02","2.45","","72.3","","","18.3","1289","323","75.1","83.5","","711"
"2014","42","City, University of London","386","3.88","2.48","","73.8","","","18.6","1332","392","69.9","87.2","","696"
"2014","43","University of Aberdeen","439","3.98","2.57","","72.8","","","16.4","1115","392","72.0","81.6","","683"
"2014","44","Brunel University of London","356","4.04","2.32","","57.1","","","17.5","1214","516","62.5","87.1","","681"
"2014","45","Keele University","350","4.11","2.41","","76.3","","","16.5","755","352","70.0","89.8","","670"
"2014","45","Oxford Brookes University","343","4.03","2.20","","64.7","","","17.3","822","537","68.9","89.3","","670"
"2014","47","University of Dundee","386","4.00","2.54","","73.1","","","14.4","1046","269","69.3","78.9","","660"
"2014","48","Swansea University","358","3.99","2.43","","70.2","","","16.1","1043","312","63.8","88.2","","653"
"2014","49","University of Stirling","365","4.02","2.41","","62.4","","","18.3","855","430","63.0","81.2","","644"
"2014","50","Goldsmiths, University of London","358","4.02","2.58","","54.2","","","19.2","746","176","73.5","84.6","","640"
"2014","51","Royal Agricultural University","305","3.96","1.50","","67.3","","","24.2","1324","1071","47.1","90.9","","637"
"2014","52","University of Lincoln","322","4.05","1.90","","67.4","","","19.4","894","305","60.7","87.4","","624"
"2014","53","Robert Gordon University","344","4.03","2.06","","75.8","","","19.7","933","298","62.5","82.0","","622"
"2014","53","University of Hull","339","4.07","2.37","","67.4","","","19.8","923","386","58.3","86.0","","622"
"2014","53","University of Hertfordshire","310","3.88","2.40","","58.5","","","19.5","659","1009","61.6","80.1","","622"
"2014","56","Bristol, UWE","318","3.94","2.20","","64.6","","","21.7","931","548","69.6","84.7","","621"
"2014","57","University of Buckingham","304","4.24","","","89.8","","","11.4","921","514","43.9","79.5","","619"
"2014","58","Coventry University","293","4.07","1.85","","69.9","","","14.6","849","294","66.1","83.6","","617"
"2014","59","Bournemouth University","337","3.88","2.18","","62.4","","","21.5","1048","240","68.4","87.3","","616"
"2014","60","Falmouth University","285","3.91","2.20","","54.5","","","23.9","1508","380","64.4","87.9","","612"
"2014","61","Nottingham Trent University","317","3.92","2.16","","60.1","","","20.0","894","522","63.0","86.1","","611"
"2014","62","University of Northampton","297","4.04","1.69","","61.8","","","20.0","1002","736","61.0","81.9","","610"
"2014","63","University of Huddersfield","308","4.11","2.10","","69.6","","","18.4","976","304","60.9","80.2","","606"
"2014","64","Northumbria University, Newcastle","329","4.02","2.15","","60.2","","","17.7","952","360","59.3","87.2","","603"
"2014","64","Bangor University","310","4.00","2.43","","61.9","","","17.9","775","269","60.1","84.7","","603"
"2014","66","Birmingham City University","320","3.99","2.31","","64.7","","","21.0","938","585","59.1","81.9","","602"
"2014","67","University of the Arts London","309","3.80","2.49","","54.4","","","22.4","1073","263","65.0","90.9","","599"
"2014","68","University of Portsmouth","311","4.03","2.24","","62.3","","","19.2","1051","203","67.3","87.2","","597"
"2014","69","University of Winchester","304","4.08","2.16","","53.4","","","17.7","746","289","63.0","88.9","","592"
"2014","70","Aberystwyth University","325","4.01","2.48","","55.2","","","19.4","789","391","58.5","86.5","","591"
"2014","71","University of Plymouth","313","4.00","2.18","","60.2","","","16.8","881","334","61.9","86.1","","589"
"2014","71","University of Chester","295","4.10","1.74","","64.0","","","16.3","1010","380","62.4","81.2","","589"
"2014","73","University of Brighton","299","3.99","2.37","","58.9","","","19.0","619","304","65.3","85.4","","583"
"2014","74","Ulster University","283","4.00","2.48","","54.2","","","18.6","984","411","60.3","83.0","","582"
"2014","75","Arts University Bournemouth","306","4.21","1.20","","63.5","","","19.3","464","143","57.8","92.4","","578"
"2014","76","University of Chichester","301","4.17","1.96","","50.3","","","18.8","712","337","60.1","90.7","","576"
"2014","76","Sheffield Hallam University","312","3.93","2.05","","56.2","","","20.0","946","280","63.1","86.5","","576"
"2014","78","University of Salford","293","3.92","2.36","","56.3","","","17.6","729","369","61.4","82.4","","571"
"2014","79","Bath Spa University","336","3.99","1.89","","55.5","","","21.8","601","235","68.6","87.1","","568"
"2014","80","Glasgow Caledonian University","349","3.86","2.01","","56.7","","","21.4","1174","330","65.9","81.1","","567"
"2014","81","De Montfort University","294","4.02","2.32","","56.6","","","20.2","771","262","61.4","85.2","","559"
"2014","82","Liverpool John Moores University","319","4.00","2.15","","57.0","","","21.6","986","240","68.0","83.5","","558"
"2014","82","University of Bradford","306","3.97","2.34","","68.1","","","19.4","885","417","52.8","82.9","","558"
"2014","84","University of Roehampton","270","3.97","2.20","","54.8","","","20.0","1200","350","59.9","83.1","","552"
"2014","85","Edge Hill University","305","4.05","1.50","","62.3","","","17.2","1093","257","56.9","83.6","","547"
"2014","86","University for the Creative Arts","301","3.85","1.90","","47.3","","","17.1","994","674","56.3","82.1","","546"
"2014","87","University of Westminster, London","323","3.82","2.23","","57.0","","","20.8","1025","249","60.3","81.0","","540"
"2014","88","Manchester Metropolitan University","330","3.91","2.16","","55.2","","","19.4","776","289","61.8","78.6","","539"
"2014","89","Harper Adams University","331","4.14","1.95","","61.7","","","22.0","899","241","52.3","86.2","","537"
"2014","90","Queen Margaret University, Edinburgh","327","3.89","1.37","","53.6","","","20.5","1006","247","73.4","80.4","","531"
"2014","91","University of South Wales","320","3.97","2.04","","54.1","","","22.3","864","402","59.9","78.9","","527"
"2014","92","University of Lancashire","294","3.95","1.96","","54.8","","","19.0","1204","421","54.6","79.1","","525"
"2014","93","Middlesex University","250","3.86","2.18","","54.7","","","23.0","1899","404","55.3","77.0","","522"
"2014","94","University of Gloucestershire","285","3.95","1.72","","57.0","","","22.3","952","318","62.6","84.4","","521"
"2014","95","University of Greenwich","284","4.03","1.90","","56.7","","","21.3","988","455","57.3","77.3","","518"
"2014","96","Cardiff Metropolitan University","309","3.86","1.88","","48.0","","","23.4","810","405","59.1","84.5","","512"
"2014","97","Teesside University","314","4.09","1.99","","52.7","","","20.1","939","318","56.0","79.1","","510"
"2014","98","Edinburgh Napier University","312","3.89","1.83","","69.3","","","23.8","833","202","66.5","75.3","","508"
"2014","99","York St John University","299","4.05","1.40","","51.5","","","20.9","781","332","61.5","88.7","","505"
"2014","99","Canterbury Christ Church University","270","3.97","1.79","","58.0","","","19.5","737","306","62.7","85.2","","505"
"2014","101","Leeds Beckett University","275","3.95","2.05","","54.3","","","20.7","603","383","57.5","80.2","","503"
"2014","101","Kingston University","308","3.85","2.04","","56.2","","","20.4","771","369","57.1","80.1","","503"
"2014","103","University of Derby","286","4.01","1.96","","50.6","","","18.8","1038","266","54.7","80.3","","500"
"2014","104","Buckinghamshire New University","233","3.87","1.67","","49.2","","","24.1","834","1063","46.4","83.1","","496"
"2014","105","Anglia Ruskin University","244","3.94","2.07","","61.4","","","20.2","863","335","56.6","81.7","","494"
"2014","106","Birmingham Newman University","299","4.07","1.52","","51.4","","","18.4","942","239","56.8","78.3","","488"
"2014","107","University of Bedfordshire","213","3.86","2.09","","57.7","","","22.5","828","719","50.2","79.1","","486"
"2014","108","Leeds Trinity University","286","4.06","1.86","","62.6","","","23.3","647","325","50.8","80.6","","483"
"2014","109","University of Worcester","278","3.99","1.54","","59.0","","","23.6","677","229","60.8","85.9","","480"
"2014","110","University of Sunderland","270","4.00","1.86","","42.7","","","17.0","849","459","52.6","78.5","","477"
"2014","111","Abertay University","312","3.85","1.83","","53.1","","","24.0","677","489","59.9","71.6","","466"
"2014","112","University of Cumbria","249","3.87","1.23","","57.9","","","18.6","657","357","65.7","82.5","","454"
"2014","113","Southampton, Solent University","278","3.82","1.49","","43.8","","","20.5","743","457","58.8","76.7","","453"
"2014","113","University of Staffordshire","251","4.02","1.62","","48.9","","","20.3","823","386","56.3","78.9","","453"
"2014","115","Wrexham University","230","4.00","1.69","","69.7","","","21.1","1203","333","46.4","74.1","","443"
"2014","116","Lincoln Bishop University","243","4.19","1.19","","85.4","","","32.9","371","67","58.9","91.6","","439"
"2014","116","Plymouth Marjon University","248","4.02","1.08","","45.6","","","20.5","447","637","51.7","87.2","","439"
"2014","118","University of West London","234","3.98","1.67","","53.5","","","21.6","1194","314","51.1","73.5","","436"
"2014","119","London South Bank University","237","3.91","2.24","","61.0","","","23.7","900","210","53.5","76.1","","427"
"2014","120","University of the West of Scotland","283","3.97","1.84","","52.8","","","21.7","1021","217","56.0","65.8","","418"
"2014","121","London Metropolitan University","225","3.82","1.84","","51.7","","","21.7","395","103","51.5","72.1","","343"
"2014","121","University of Greater Manchester","268","3.95","1.75","","42.5","","","20.6","537","247","49.2","68.5","","343"
"2014","123","University College Birmingham","232","4.04","","","45.2","","","21.8","132","241","41.9","78.9","","340"
"2014","124","University of East London","229","3.89","2.24","","39.4","","","24.8","620","426","49.0","62.9","","316"
"2015","1","University of Cambridge","614","4.24","2.98","","84.7","","","11.6","2401","747","88.6","98.9","","1000"
"2015","2","University of Oxford","580","4.19","2.96","","78.4","","","11.0","2984","377","91.5","98.9","","993"
"2015","3","London School of Economics and Political Science, University of London","537","4.04","2.96","","76.4","","","11.8","1827","491","79.3","96.2","","957"
"2015","4","University of St Andrews","521","4.26","2.72","","80.1","","","11.8","1853","445","88.3","96.8","","941"
"2015","5","Durham University","523","4.14","2.72","","82.4","","","15.6","1367","1004","84.8","95.9","","930"
"2015","6","Imperial College London","570","4.08","2.94","","88.7","","","11.7","2205","661","85.9","97.1","","926"
"2015","7","University of Warwick","509","4.04","2.80","","77.7","","","13.9","1695","564","81.0","95.7","","893"
"2015","8","University of Bath","488","4.24","2.71","","83.3","","","16.6","1284","429","80.2","95.2","","883"
"2015","9","UCL (University College London)","520","3.94","2.84","","80.7","","","10.2","1982","262","86.7","93.6","","876"
"2015","10","University of Exeter","458","4.22","2.62","","76.9","","","16.6","1538","636","84.6","96.5","","870"
"2015","11","Lancaster University","445","4.11","2.71","","72.7","","","14.9","1083","586","77.6","93.9","","866"
"2015","12","University of Surrey","416","4.19","2.58","","74.9","","","15.4","1629","617","79.0","91.1","","862"
"2015","13","Loughborough University","406","4.10","2.62","","75.3","","","15.6","1236","676","78.0","93.5","","851"
"2015","14","University of York","443","4.14","2.78","","73.7","","","15.0","1332","623","80.0","93.3","","849"
"2015","15","University of East Anglia UEA","426","4.21","2.58","","68.3","","","13.0","1273","718","74.3","92.3","","839"
"2015","16","University of Southampton","428","4.04","2.72","","75.1","","","12.8","1568","485","78.4","92.4","","835"
"2015","17","University of Birmingham","438","4.05","2.64","","80.3","","","14.5","1745","518","81.1","94.3","","829"
"2015","18","University of Bristol","481","4.00","2.72","","78.8","","","14.1","1510","415","83.1","95.5","","823"
"2015","19","University of Leicester","400","4.12","2.45","","71.6","","","12.9","1566","660","79.0","93.1","","815"
"2015","20","Newcastle University","437","4.11","2.63","","79.0","","","15.2","1298","449","76.9","94.2","","806"
"2015","21","The University of Edinburgh","487","3.83","2.75","","74.9","","","13.8","1511","509","83.7","90.4","","804"
"2015","22","University of Kent","369","4.08","2.60","","70.6","","","13.6","884","431","74.7","91.5","","798"
"2015","23","Cardiff University","420","4.02","2.69","","77.4","","","13.0","979","369","78.0","95.7","","792"
"2015","23","University of Nottingham","439","4.02","2.67","","76.8","","","14.1","1372","455","78.0","94.0","","792"
"2015","23","University of Leeds","431","4.05","2.72","","69.1","","","14.7","1357","424","81.0","94.4","","792"
"2015","26","University of Sheffield","437","4.10","2.72","","71.4","","","14.9","1231","445","78.5","93.9","","787"
"2015","27","Aston University, Birmingham","378","4.14","2.43","","73.0","","","16.2","1202","440","75.2","91.7","","774"
"2015","28","University of Manchester","439","3.99","2.82","","71.8","","","13.9","1242","486","73.8","93.3","","773"
"2015","28","King's College London, University of London","466","3.91","2.69","","81.8","","","11.4","1462","505","81.1","92.5","","773"
"2015","30","University of Glasgow","485","4.09","2.59","","74.4","","","15.2","1500","571","74.5","87.3","","771"
"2015","31","University of Liverpool","412","4.02","2.54","","71.2","","","12.7","1592","462","76.8","92.5","","764"
"2015","31","Queen's University Belfast","390","4.15","2.56","","74.6","","","15.5","1109","665","72.6","92.2","","764"
"2015","33","Royal Holloway, University of London","402","4.10","2.67","","63.6","","","15.4","1038","435","74.0","92.3","","759"
"2015","33","Heriot-Watt University","422","4.17","2.48","","77.7","","","16.4","937","572","70.5","82.3","","759"
"2015","35","SOAS University of London","415","4.00","2.60","","66.4","","","11.6","1648","235","84.0","85.6","","755"
"2015","36","Queen Mary University of London","422","4.07","2.73","","68.7","","","12.0","1515","531","70.3","90.9","","752"
"2015","37","University of Reading","375","4.09","2.53","","68.6","","","14.7","1132","399","72.5","91.4","","750"
"2015","38","University of Sussex","406","4.03","2.61","","54.2","","","16.5","1265","625","76.3","90.5","","748"
"2015","39","University of Essex","339","4.19","2.77","","51.4","","","16.1","1291","811","64.7","86.6","","731"
"2015","40","City, University of London","390","4.05","2.48","","70.6","","","17.5","1547","415","69.6","87.3","","728"
"2015","41","University of Strathclyde","468","3.96","2.45","","73.6","","","19.3","1360","318","74.4","85.7","","720"
"2015","42","Swansea University","338","4.00","2.43","","77.3","","","15.5","1177","360","70.7","90.1","","714"
"2015","43","Keele University","380","4.18","2.41","","67.6","","","15.2","764","394","67.5","89.2","","698"
"2015","44","University of Aberdeen","441","4.01","2.57","","75.1","","","15.5","1215","482","71.0","82.4","","696"
"2015","45","University of Stirling","379","4.02","2.41","","63.0","","","15.7","942","511","62.8","83.3","","691"
"2015","46","St George's, University of London","417","3.78","2.28","","87.3","","","13.1","5280","77","62.2","94.4","","687"
"2015","47","Brunel University of London","351","4.08","2.32","","60.0","","","16.9","1401","444","63.4","85.9","","684"
"2015","48","Oxford Brookes University","361","4.07","2.20","","63.4","","","16.9","852","590","69.6","89.1","","680"
"2015","49","University of Dundee","402","4.01","2.54","","71.8","","","14.9","1062","294","71.7","84.3","","676"
"2015","50","Goldsmiths, University of London","340","4.09","2.58","","52.4","","","16.6","814","204","76.7","82.7","","675"
"2015","51","Coventry University","309","4.20","1.85","","70.5","","","15.3","952","303","66.1","87.6","","672"
"2015","52","Nottingham Trent University","316","4.03","2.16","","61.1","","","17.2","977","622","66.6","87.0","","665"
"2015","53","Bristol, UWE","337","4.02","2.20","","67.5","","","20.0","1049","684","70.0","84.7","","661"
"2015","54","Robert Gordon University","379","4.03","2.06","","81.4","","","19.3","952","277","63.2","81.2","","656"
"2015","55","University of Lincoln","336","4.05","1.90","","68.1","","","18.6","1005","404","57.9","87.6","","654"
"2015","55","Falmouth University","310","3.94","2.20","","60.1","","","23.0","1394","409","70.4","88.7","","654"
"2015","57","Arts University Bournemouth","325","4.13","1.20","","68.4","","","14.9","482","154","62.6","90.5","","652"
"2015","58","Northumbria University, Newcastle","362","4.02","2.15","","61.4","","","18.5","1006","395","63.8","87.8","","645"
"2015","59","University of Winchester","318","4.14","2.16","","52.0","","","17.3","811","299","70.0","89.2","","644"
"2015","60","University of Hertfordshire","340","3.89","2.40","","62.2","","","18.3","799","957","66.8","83.2","","639"
"2015","61","University of Buckingham","325","4.34","","","83.1","","","11.3","958","632","43.5","80.2","","638"
"2015","62","University for the Creative Arts","320","3.84","1.90","","51.0","","","12.5","1073","752","56.1","84.7","","635"
"2015","63","University of Portsmouth","311","4.05","2.24","","63.2","","","18.6","1172","226","71.2","88.1","","632"
"2015","64","Bangor University","305","4.07","2.43","","61.9","","","17.8","840","321","61.2","85.1","","627"
"2015","65","Bournemouth University","331","3.91","2.18","","63.4","","","21.6","1078","313","64.5","87.4","","621"
"2015","66","Sheffield Hallam University","318","3.95","2.05","","57.3","","","18.4","1181","337","65.5","86.0","","618"
"2015","66","University of the Arts London","330","3.90","2.49","","53.3","","","18.7","1204","264","64.3","87.1","","618"
"2015","66","University of Hull","327","4.09","2.37","","54.4","","","17.8","1056","448","66.7","85.3","","618"
"2015","69","Bath Spa University","329","4.05","1.89","","56.8","","","20.0","731","245","71.0","87.3","","614"
"2015","70","University of Huddersfield","326","4.12","2.10","","67.4","","","18.3","1017","325","60.0","81.7","","613"
"2015","71","De Montfort University","310","4.02","2.32","","52.4","","","18.1","980","375","66.5","87.3","","610"
"2015","72","Glasgow Caledonian University","366","3.93","2.01","","65.0","","","20.9","1197","376","68.5","80.9","","609"
"2015","73","Manchester Metropolitan University","340","3.98","2.16","","57.6","","","18.2","953","329","65.8","83.0","","608"
"2015","73","University of Northampton","280","4.14","1.69","","57.2","","","19.8","1177","1016","61.1","84.1","","608"
"2015","73","University of Brighton","310","4.05","2.37","","58.4","","","18.3","709","314","67.3","84.2","","608"
"2015","76","University of Chichester","303","4.10","1.96","","58.8","","","18.7","747","337","63.7","89.8","","606"
"2015","77","University of Bradford","317","4.00","2.34","","69.5","","","18.6","989","470","65.8","83.6","","602"
"2015","78","University of Chester","301","4.11","1.74","","68.6","","","16.9","1048","406","61.8","82.2","","594"
"2015","79","University of Plymouth","313","4.03","2.18","","57.0","","","16.2","936","341","63.0","84.5","","589"
"2015","80","Queen Margaret University, Edinburgh","339","3.97","1.37","","69.6","","","20.5","1000","305","73.1","79.7","","587"
"2015","81","Liverpool John Moores University","327","4.04","2.15","","54.2","","","19.7","1069","259","70.6","84.4","","586"
"2015","82","Birmingham City University","314","3.99","2.31","","61.8","","","21.2","1008","574","63.3","82.8","","585"
"2015","83","Royal Agricultural University","305","3.91","1.50","","57.4","","","20.7","1628","1074","50.5","90.3","","584"
"2015","84","Ulster University","310","4.08","2.48","","49.3","","","19.2","1014","438","65.3","80.6","","582"
"2015","84","University of Salford","328","3.91","2.36","","59.1","","","17.0","995","445","64.3","77.6","","582"
"2015","84","Harper Adams University","342","4.09","1.95","","67.3","","","19.8","954","206","52.8","88.3","","582"
"2015","87","Aberystwyth University","324","3.90","2.48","","53.5","","","20.0","723","430","63.2","86.1","","580"
"2015","87","University of Derby","299","4.13","1.96","","55.1","","","16.8","1033","301","60.2","83.1","","580"
"2015","89","Edge Hill University","306","4.15","1.50","","59.6","","","16.8","1218","333","59.3","85.2","","569"
"2015","90","University of Lancashire","332","4.01","1.96","","53.6","","","16.8","1419","461","57.5","79.9","","566"
"2015","91","University of Gloucestershire","288","3.97","1.72","","60.1","","","23.6","1090","356","69.9","87.6","","563"
"2015","91","Abertay University","325","3.92","1.83","","65.8","","","21.3","806","607","64.3","73.2","","563"
"2015","93","University of Roehampton","283","4.01","2.20","","52.3","","","20.2","1446","427","62.1","81.8","","558"
"2015","94","Middlesex University","284","4.01","2.18","","52.3","","","20.5","2150","497","59.3","76.5","","556"
"2015","95","York St John University","302","4.14","1.40","","61.1","","","21.1","774","352","63.5","91.2","","544"
"2015","96","Teesside University","316","4.10","1.99","","53.6","","","18.8","1071","373","58.6","81.1","","540"
"2015","96","University of Westminster, London","314","3.89","2.23","","52.8","","","20.3","1090","253","64.1","79.1","","540"
"2015","98","Cardiff Metropolitan University","301","4.03","1.88","","50.4","","","20.3","851","507","52.9","85.3","","539"
"2015","99","University of Greenwich","304","4.06","1.90","","52.5","","","21.5","1016","478","63.3","82.1","","538"
"2015","100","University of South Wales","319","3.96","2.09","","55.5","","","21.6","759","381","59.9","82.2","","536"
"2015","101","Edinburgh Napier University","339","3.97","1.83","","62.3","","","21.6","800","217","67.3","75.2","","534"
"2015","102","Leeds Beckett University","277","3.93","2.05","","59.9","","","19.9","748","400","61.2","79.5","","531"
"2015","103","Canterbury Christ Church University","270","4.01","1.79","","57.6","","","18.9","790","332","66.7","82.2","","526"
"2015","104","University of Worcester","297","4.00","1.54","","62.9","","","21.1","667","295","58.5","85.3","","518"
"2015","105","University of Staffordshire","268","4.02","1.62","","53.6","","","17.7","972","411","58.5","80.8","","513"
"2015","106","Birmingham Newman University","300","4.15","1.52","","59.6","","","18.1","1053","301","52.7","77.2","","512"
"2015","107","Kingston University","295","3.89","2.04","","56.4","","","19.4","921","404","59.0","79.6","","510"
"2015","108","University of Sunderland","298","4.02","1.86","","49.2","","","17.9","823","465","54.3","80.4","","509"
"2015","109","Plymouth Marjon University","271","4.14","1.08","","63.5","","","19.2","602","767","51.1","82.9","","502"
"2015","110","University of West London","250","3.96","1.67","","62.1","","","18.3","1115","429","52.0","77.6","","496"
"2015","110","Wrexham University","271","4.11","1.69","","60.6","","","20.1","1426","348","53.5","77.9","","496"
"2015","112","University of Cumbria","285","4.04","1.23","","58.8","","","20.8","538","373","66.9","84.9","","487"
"2015","113","Leeds Trinity University","277","4.06","1.86","","57.9","","","23.6","772","350","56.0","84.9","","486"
"2015","114","Southampton, Solent University","293","3.86","1.49","","48.1","","","18.8","768","499","61.1","76.4","","475"
"2015","115","Buckinghamshire New University","247","3.87","1.67","","42.9","","","22.2","777","1291","53.3","83.0","","460"
"2015","116","Anglia Ruskin University","248","3.95","2.07","","60.7","","","23.0","868","337","51.6","82.5","","445"
"2015","117","University of Bedfordshire","225","3.92","2.09","","53.1","","","20.9","974","665","47.5","82.3","","439"
"2015","118","Lincoln Bishop University","272","4.14","1.19","","66.4","","","30.2","331","109","57.0","92.0","","429"
"2015","119","University of the West of Scotland","293","3.95","1.84","","56.2","","","22.0","981","269","58.5","67.7","","426"
"2015","120","London South Bank University","231","3.91","2.24","","55.0","","","21.9","971","249","59.7","72.5","","421"
"2015","121","University of Greater Manchester","266","3.98","1.75","","52.9","","","19.9","677","272","50.6","71.9","","411"
"2015","122","University of East London","269","3.96","2.24","","42.7","","","26.3","721","566","54.2","67.5","","372"
"2015","123","London Metropolitan University","232","3.83","1.84","","44.6","","","21.5","412","206","51.3","70.5","","329"
"2016","1","University of Cambridge","601","4.18","3.33","0.95","88.3","","","11.3","2498","780","89.3","98.4","","1000"
"2016","2","University of Oxford","571","4.17","3.34","0.87","81.9","","","10.6","2775","446","92.1","96.4","","989"
"2016","3","London School of Economics and Political Science, University of London","532","3.95","3.35","0.85","83.0","","","11.4","1833","514","82.1","94.8","","953"
"2016","4","Imperial College London","566","4.10","3.36","0.92","89.9","","","11.3","2144","658","87.3","96.5","","943"
"2016","5","Durham University","521","4.16","3.14","0.79","79.5","","","14.9","1430","1030","87.4","96.6","","926"
"2016","5","University of St Andrews","516","4.25","3.13","0.82","78.5","","","11.4","1911","456","89.6","95.3","","926"
"2016","7","University of Warwick","480","4.12","3.22","0.83","77.6","","","12.6","1760","619","82.3","96.7","","909"
"2016","8","University of Surrey","424","4.24","2.98","0.73","81.2","","","14.0","1664","641","78.9","92.2","","885"
"2016","9","Lancaster University","434","4.10","3.15","0.77","78.1","","","13.8","1565","778","76.9","93.4","","882"
"2016","10","University of Exeter","463","4.22","3.08","0.82","79.4","","","15.6","1629","670","84.1","95.8","","876"
"2016","11","Loughborough University","397","4.19","2.95","0.88","79.9","","","15.0","1210","949","79.8","93.1","","874"
"2016","11","University of Bath","476","4.24","3.17","0.74","85.1","","","16.7","1307","421","84.1","96.1","","874"
"2016","13","UCL (University College London)","500","3.96","3.22","0.91","81.3","","","10.3","1982","195","87.9","94.7","","873"
"2016","14","University of Southampton","408","4.05","3.15","0.90","77.7","","","12.0","1623","496","80.4","92.4","","842"
"2016","15","University of Bristol","486","3.99","3.18","0.91","80.2","","","13.8","1453","433","86.3","96.7","","834"
"2016","16","University of East Anglia UEA","406","4.19","3.11","0.75","70.1","","","13.7","1298","815","78.8","91.9","","828"
"2016","17","University of York","436","4.06","3.17","0.75","73.6","","","14.8","1325","655","81.6","94.3","","824"
"2016","18","University of Birmingham","425","4.08","3.07","0.81","84.0","","","15.5","1787","522","84.4","94.7","","823"
"2016","19","University of Leeds","430","4.09","3.13","0.75","74.5","","","13.7","1714","447","82.2","93.5","","821"
"2016","20","The University of Edinburgh","482","3.86","3.18","0.83","77.9","","","12.2","1546","532","83.0","91.3","","818"
"2016","21","University of Sussex","385","4.05","3.01","0.73","74.9","","","15.6","1404","765","78.6","93.0","","812"
"2016","22","University of Kent","359","4.13","2.95","0.85","75.2","","","13.0","924","458","80.0","90.8","","811"
"2016","23","King's College London, University of London","453","3.95","3.23","0.80","79.6","","","11.3","1436","554","83.2","92.8","","805"
"2016","24","University of Leicester","386","4.08","2.93","0.82","73.6","","","12.2","1687","748","78.3","92.5","","799"
"2016","25","University of Nottingham","426","4.05","3.09","0.79","79.2","","","14.0","1415","509","79.3","93.1","","795"
"2016","26","Newcastle University","425","4.13","3.09","0.80","78.7","","","15.6","1253","434","79.2","95.1","","791"
"2016","27","University of Sheffield","427","4.07","3.17","0.74","76.9","","","15.0","1334","471","80.4","94.4","","786"
"2016","28","University of Manchester","433","4.02","3.16","0.78","75.5","","","13.2","1309","517","75.7","92.9","","785"
"2016","29","University of Reading","371","4.10","3.03","0.83","71.5","","","14.2","1277","397","76.2","92.3","","783"
"2016","30","University of Glasgow","465","4.11","3.10","0.84","79.9","","","14.8","1545","511","77.8","88.4","","782"
"2016","31","Cardiff University","425","4.05","3.27","0.62","81.5","","","14.3","1030","425","77.8","93.4","","777"
"2016","32","Aston University, Birmingham","368","4.12","3.05","0.57","76.6","","","16.0","1207","497","75.1","90.8","","771"
"2016","33","Queen Mary University of London","408","4.04","3.18","0.74","69.4","","","12.2","1519","667","75.3","91.2","","760"
"2016","34","University of Essex","309","4.20","3.05","0.82","64.2","","","15.1","1523","996","68.9","85.7","","759"
"2016","34","Royal Holloway, University of London","398","4.12","3.09","0.77","62.2","","","15.3","1065","484","75.9","92.3","","759"
"2016","36","Queen's University Belfast","380","4.10","2.99","0.95","74.9","","","15.1","1103","678","75.8","91.0","","755"
"2016","37","Heriot-Watt University","411","4.15","3.06","0.82","73.2","","","16.9","1084","686","72.0","87.4","","753"
"2016","38","University of Strathclyde","473","4.02","3.04","0.84","77.6","","","19.3","1393","312","77.9","87.6","","748"
"2016","39","University of Liverpool","403","3.97","3.06","0.70","72.8","","","11.9","1573","480","75.4","91.4","","747"
"2016","40","University of Aberdeen","445","3.95","2.97","0.73","74.2","","","13.4","1457","638","77.1","84.2","","733"
"2016","41","City, University of London","377","3.99","2.95","0.53","73.7","","","16.2","1652","478","73.8","86.0","","725"
"2016","42","University of Dundee","398","4.13","3.03","0.68","70.3","","","13.9","1139","331","76.1","86.0","","716"
"2016","43","SOAS University of London","407","3.97","2.82","0.76","62.6","","","10.9","1774","250","82.9","80.7","","713"
"2016","43","St George's, University of London","419","3.91","2.99","0.52","89.4","","","12.9","4280","76","70.4","92.8","","713"
"2016","45","Swansea University","325","4.01","3.09","0.71","78.7","","","15.3","1256","408","74.4","89.7","","711"
"2016","46","Keele University","358","4.22","2.88","0.59","71.9","","","13.9","784","443","68.4","90.8","","704"
"2016","47","University of Stirling","371","3.98","2.96","0.74","70.1","","","15.0","958","590","67.9","85.6","","700"
"2016","48","Coventry University","309","4.27","2.67","0.13","70.8","","","14.7","1103","454","67.4","85.9","","690"
"2016","49","Brunel University of London","351","4.14","2.67","0.85","59.5","","","16.7","1403","458","68.8","87.8","","687"
"2016","50","Goldsmiths, University of London","352","3.98","2.90","0.85","55.4","","","14.8","891","281","81.4","82.3","","680"
"2016","51","University of Lincoln","334","4.09","2.54","0.39","67.4","","","18.0","1040","475","65.0","87.6","","664"
"2016","52","University for the Creative Arts","325","3.95","2.72","0.10","49.3","","","11.7","1586","643","60.4","85.8","","657"
"2016","53","Nottingham Trent University","309","4.09","2.59","0.23","63.3","","","17.2","996","658","69.2","89.6","","655"
"2016","54","Bournemouth University","327","3.89","2.72","0.29","62.9","","","18.0","1119","455","75.5","86.0","","651"
"2016","54","De Montfort University","305","4.08","2.67","0.30","68.7","","","18.7","1129","491","70.9","86.5","","651"
"2016","54","Oxford Brookes University","345","4.10","2.66","0.39","66.7","","","17.7","885","509","71.1","89.4","","651"
"2016","57","Arts University Bournemouth","318","4.08","2.30","0.13","65.9","","","15.3","484","166","66.2","92.3","","650"
"2016","58","Bangor University","323","4.19","2.99","0.63","66.1","","","16.5","896","377","64.1","81.9","","647"
"2016","59","University of Portsmouth","306","4.08","2.75","0.27","66.2","","","16.7","1275","276","72.7","87.6","","642"
"2016","60","Northumbria University, Newcastle","360","4.01","2.71","0.29","61.7","","","17.2","1016","404","67.6","87.6","","637"
"2016","60","Harper Adams University","331","4.11","2.66","0.23","67.0","","","19.2","1009","525","58.3","90.6","","637"
"2016","62","Bristol, UWE","324","3.97","2.70","0.29","68.2","","","19.7","1134","702","71.4","84.9","","633"
"2016","63","University of Bradford","312","3.97","2.95","0.23","72.1","","","17.9","1071","549","74.0","83.8","","632"
"2016","63","University of Hull","326","4.11","2.70","0.56","63.1","","","17.4","1168","471","71.2","86.1","","632"
"2016","63","Robert Gordon University","382","4.05","2.35","0.21","80.2","","","19.6","954","273","67.0","83.4","","632"
"2016","66","Ulster University","308","4.09","2.91","0.84","56.5","","","16.6","1105","491","66.4","82.3","","625"
"2016","66","University of Roehampton","284","4.10","2.83","0.67","56.3","","","16.8","1656","501","67.2","81.7","","625"
"2016","68","Liverpool John Moores University","342","4.07","2.79","0.26","61.1","","","18.5","1076","262","74.9","84.2","","624"
"2016","69","University of Buckingham","299","4.26","","","75.3","","","10.5","1061","743","50.7","86.3","","623"
"2016","70","Bath Spa University","315","4.11","2.52","0.30","55.4","","","19.0","1069","228","74.5","89.9","","622"
"2016","70","Falmouth University","307","4.07","2.04","0.33","69.8","","","21.5","1319","389","72.0","85.5","","622"
"2016","72","Sheffield Hallam University","317","4.02","2.76","0.16","59.2","","","17.4","1455","404","65.7","87.0","","619"
"2016","73","Manchester Metropolitan University","345","3.99","2.74","0.24","60.0","","","17.8","1054","365","69.8","84.5","","618"
"2016","74","University of Huddersfield","324","4.12","2.65","0.32","69.2","","","18.1","1072","360","64.1","83.0","","613"
"2016","75","University of Hertfordshire","316","3.92","2.61","0.21","67.9","","","17.8","969","890","67.0","86.1","","612"
"2016","76","University of Brighton","315","4.00","2.84","0.21","64.4","","","17.3","821","373","68.2","87.0","","608"
"2016","77","University of Chichester","306","4.14","2.50","0.25","56.8","","","17.5","768","364","69.3","89.9","","604"
"2016","78","Queen Margaret University, Edinburgh","340","4.03","2.65","0.22","62.4","","","19.1","981","334","74.2","82.4","","603"
"2016","79","Cardiff Metropolitan University","314","4.03","3.00","0.09","58.2","","","19.0","963","624","60.6","82.3","","601"
"2016","80","University of Gloucestershire","312","4.06","2.38","0.18","57.9","","","19.9","1244","403","72.4","86.3","","595"
"2016","80","University of the Arts London","311","3.85","3.12","0.17","54.5","","","16.5","1478","279","61.8","85.6","","595"
"2016","82","Edge Hill University","317","4.16","2.22","0.27","58.2","","","15.7","1303","436","65.8","86.2","","592"
"2016","83","University of Northampton","281","4.18","2.09","0.25","59.3","","","20.3","1216","1066","64.5","85.0","","591"
"2016","83","Glasgow Caledonian University","370","3.93","2.67","0.24","67.9","","","21.2","1178","326","70.1","83.2","","591"
"2016","85","Royal Agricultural University","306","3.81","1.40","0.26","71.6","","","20.9","1846","947","62.6","96.3","","579"
"2016","86","Aberystwyth University","310","3.92","2.84","0.76","52.6","","","17.9","819","485","65.1","89.2","","570"
"2016","86","University of Winchester","305","4.09","2.32","0.30","51.1","","","16.9","822","293","75.5","85.2","","570"
"2016","88","Birmingham City University","298","4.04","2.64","0.14","62.4","","","20.4","1044","544","67.3","84.5","","568"
"2016","89","Middlesex University","271","4.07","2.58","0.35","56.4","","","18.6","2277","527","61.3","77.7","","565"
"2016","90","University of Plymouth","308","4.03","2.74","0.50","57.4","","","17.7","985","358","67.0","84.8","","561"
"2016","91","University of Lancashire","311","4.04","2.51","0.24","58.6","","","16.9","1538","486","60.0","81.6","","560"
"2016","92","Edinburgh Napier University","333","4.02","2.52","0.19","61.0","","","20.4","811","272","71.4","81.1","","555"
"2016","93","University of Chester","299","4.13","2.08","0.29","65.3","","","16.5","1116","427","63.4","80.5","","554"
"2016","94","University of Derby","288","4.12","2.07","0.19","54.0","","","15.4","1143","357","62.7","83.7","","541"
"2016","95","Abertay University","334","3.95","2.16","0.36","60.5","","","21.4","885","620","70.4","75.6","","536"
"2016","96","University of Salford","328","3.93","2.54","0.33","56.0","","","17.0","1179","460","65.2","79.5","","534"
"2016","97","Liverpool Hope University","302","4.01","2.21","0.53","52.0","","","19.4","766","909","63.4","82.8","","531"
"2016","98","Teesside University","303","4.09","2.58","0.14","57.0","","","17.7","1182","427","59.3","80.9","","529"
"2016","99","York St John University","291","4.03","2.04","0.29","64.4","","","20.6","784","360","65.4","90.3","","528"
"2016","100","University of Westminster, London","309","3.96","2.74","0.29","50.1","","","19.9","1149","268","68.8","80.4","","525"
"2016","101","Leeds Trinity University","281","4.15","2.01","0.17","65.1","","","21.7","953","381","68.9","81.8","","519"
"2016","102","University of South Wales","319","3.96","2.51","0.16","54.6","","","19.6","879","446","63.6","81.7","","513"
"2016","103","University of Staffordshire","268","4.04","2.20","0.33","54.7","","","17.0","1195","352","63.2","78.3","","512"
"2016","104","Kingston University","297","3.90","2.70","0.16","53.8","","","19.4","1110","448","67.4","82.1","","511"
"2016","105","University of Worcester","296","3.98","2.08","0.30","60.4","","","19.1","643","377","61.9","85.8","","509"
"2016","106","Canterbury Christ Church University","270","4.03","2.38","0.23","59.8","","","18.4","851","331","66.5","82.4","","507"
"2016","107","University of Greenwich","309","4.08","2.33","0.25","48.6","","","19.6","1030","488","62.9","84.6","","505"
"2016","108","University of West London","257","4.00","1.92","0.13","67.1","","","17.3","1209","721","58.8","73.9","","492"
"2016","109","St Mary's University, Twickenham","287","4.07","1.98","0.23","62.9","","","20.6","714","304","63.8","83.7","","486"
"2016","110","University of Bedfordshire","227","4.04","2.52","0.27","59.3","","","18.3","1136","497","56.6","80.2","","484"
"2016","111","University of Cumbria","292","4.11","2.13","0.08","61.2","","","22.3","644","328","64.7","85.7","","475"
"2016","112","Plymouth Marjon University","313","4.11","","","63.5","","","21.2","586","900","58.8","82.6","","470"
"2016","113","Buckinghamshire New University","256","3.88","2.19","0.09","52.8","","","21.8","564","1434","57.0","82.4","","467"
"2016","114","Leeds Beckett University","284","3.93","2.16","0.24","55.2","","","20.9","860","438","61.8","78.9","","460"
"2016","115","Anglia Ruskin University","249","4.10","2.37","0.27","58.3","","","19.0","974","390","58.4","79.2","","453"
"2016","116","University of Sunderland","293","4.02","2.12","0.39","50.5","","","19.7","888","461","49.5","81.6","","440"
"2016","117","Lincoln Bishop University","282","4.12","1.96","0.17","66.8","","","28.6","355","278","60.4","90.1","","435"
"2016","118","University of the West of Scotland","297","3.96","2.36","0.22","57.9","","","21.1","989","318","63.2","70.0","","430"
"2016","119","London South Bank University","244","3.94","2.52","0.41","48.6","","","17.2","1120","356","61.0","74.5","","429"
"2016","120","Birmingham Newman University","291","4.07","2.13","0.20","56.2","","","18.9","1055","322","56.0","73.4","","425"
"2016","121","University of Greater Manchester","282","4.03","2.04","0.20","57.0","","","17.9","737","322","54.9","71.2","","424"
"2016","122","Southampton, Solent University","272","3.91","1.63","0.07","50.0","","","18.3","865","556","59.9","76.8","","412"
"2016","123","Wrexham University","243","4.07","2.15","0.16","63.3","","","23.3","1291","314","53.6","75.8","","407"
"2016","124","University of East London","273","4.06","2.71","0.23","49.9","","","23.6","937","780","53.9","67.5","","406"
"2016","125","University of Wales Trinity Saint David","263","4.06","2.39","0.12","50.2","","","22.4","1007","514","51.4","79.4","","405"
"2016","126","London Metropolitan University","220","3.86","2.44","0.15","44.6","","","19.6","544","324","55.1","75.3","","327"
"2017","1","University of Cambridge","600","4.17","3.33","0.95","89.0","","","11.0","2628","800","91.0","98.6","","1000"
"2017","2","University of Oxford","574","4.17","3.34","0.87","86.7","","","10.5","2700","509","92.4","97.7","","998"
"2017","3","London School of Economics and Political Science, University of London","518","3.89","3.35","0.85","78.5","","","11.6","2105","553","86.6","97.6","","940"
"2017","4","Imperial College London","567","4.15","3.36","0.92","90.8","","","11.1","2309","722","86.5","96.4","","938"
"2017","5","University of St Andrews","520","4.23","3.13","0.82","83.2","","","11.6","2015","496","90.7","95.5","","927"
"2017","6","Durham University","524","4.14","3.14","0.79","83.6","","","14.7","1542","1048","89.4","95.6","","916"
"2017","7","Loughborough University","410","4.26","2.95","0.88","83.6","","","14.6","1507","1060","81.7","94.9","","897"
"2017","8","University of Warwick","485","4.09","3.22","0.83","79.5","","","12.5","1826","694","82.7","94.9","","889"
"2017","9","Lancaster University","423","4.17","3.15","0.77","82.6","","","13.4","1821","892","76.8","92.9","","885"
"2017","10","UCL (University College London)","505","3.95","3.22","0.91","82.9","","","10.2","2212","247","89.0","95.6","","880"
"2017","11","University of Surrey","431","4.31","2.98","0.73","78.7","","","13.9","1805","737","80.7","91.6","","870"
"2017","11","University of Bath","478","4.18","3.17","0.74","85.1","","","15.5","1578","475","84.5","96.4","","870"
"2017","13","University of Exeter","466","4.18","3.08","0.82","79.6","","","15.8","1689","718","84.8","96.0","","855"
"2017","14","University of East Anglia UEA","423","4.17","3.11","0.75","70.1","","","13.2","1551","1119","83.4","92.1","","841"
"2017","15","University of Birmingham","423","4.08","3.07","0.81","86.5","","","14.0","1883","543","86.1","94.8","","832"
"2017","16","University of Leeds","430","4.16","3.13","0.75","78.5","","","13.5","1970","504","83.3","93.6","","827"
"2017","17","University of Southampton","417","4.08","3.15","0.90","77.9","","","12.0","1694","504","80.1","91.8","","821"
"2017","18","University of Sussex","375","4.06","3.01","0.73","84.2","","","15.3","1719","892","79.1","91.1","","817"
"2017","19","The University of Edinburgh","485","3.93","3.18","0.83","78.6","","","12.0","1436","567","84.5","91.2","","808"
"2017","20","University of York","430","4.14","3.17","0.75","75.7","","","14.5","1441","664","80.5","93.3","","807"
"2017","21","University of Nottingham","424","4.06","3.09","0.79","81.2","","","13.2","1594","610","80.5","93.7","","799"
"2017","21","King's College London, University of London","462","3.91","3.23","0.80","85.7","","","11.7","1499","597","83.4","94.0","","799"
"2017","23","University of Kent","358","4.12","2.95","0.85","76.6","","","12.7","1060","543","80.1","91.6","","796"
"2017","24","University of Bristol","476","3.96","3.18","0.91","79.5","","","13.8","1453","462","87.9","95.1","","791"
"2017","25","University of Manchester","433","4.05","3.16","0.78","78.4","","","13.4","1513","591","76.2","93.0","","773"
"2017","25","Newcastle University","430","4.14","3.09","0.80","79.3","","","15.5","1352","459","81.3","94.9","","773"
"2017","27","University of Sheffield","415","4.14","3.17","0.74","75.5","","","14.6","1540","506","79.5","94.4","","764"
"2017","27","University of Reading","371","4.09","3.03","0.83","70.2","","","14.7","1493","466","80.6","92.2","","764"
"2017","29","University of Glasgow","467","4.12","3.10","0.84","79.5","","","14.5","1702","509","79.3","88.4","","762"
"2017","30","Aston University, Birmingham","353","4.17","3.05","0.57","78.8","","","19.0","1416","601","86.2","93.7","","761"
"2017","31","Queen Mary University of London","404","4.12","3.18","0.74","73.0","","","11.9","1548","816","74.3","90.4","","756"
"2017","32","University of Leicester","390","4.03","2.93","0.78","72.1","","","12.9","1807","837","77.2","91.8","","755"
"2017","33","Queen's University Belfast","385","4.13","2.99","0.95","78.4","","","15.1","1266","748","78.3","92.6","","754"
"2017","34","Heriot-Watt University","406","4.12","3.06","0.82","77.9","","","15.6","1352","901","75.5","84.5","","751"
"2017","35","Cardiff University","399","4.09","3.27","0.62","79.8","","","13.7","1245","535","76.0","92.6","","747"
"2017","35","University of Dundee","426","4.19","3.03","0.68","79.9","","","12.6","1309","386","77.8","86.4","","747"
"2017","37","Royal Holloway, University of London","402","4.15","3.09","0.77","62.4","","","15.3","1171","595","75.6","93.7","","743"
"2017","38","University of Liverpool","383","4.01","3.06","0.70","75.8","","","11.8","1685","472","75.8","91.8","","742"
"2017","39","University of Stirling","374","3.99","2.96","0.74","72.8","","","14.9","1011","667","83.7","86.5","","730"
"2017","40","City, University of London","371","4.20","2.95","0.53","78.0","","","16.6","1790","556","71.8","85.5","","727"
"2017","41","University of Essex","297","4.22","3.05","0.82","63.7","","","16.5","1578","1086","74.3","88.3","","726"
"2017","42","University of Aberdeen","441","4.00","2.97","0.73","76.0","","","13.5","1552","672","77.9","84.3","","718"
"2017","43","SOAS University of London","397","3.98","2.82","0.76","68.1","","","11.1","1883","272","79.9","84.2","","714"
"2017","44","St George's, University of London","429","4.00","2.99","0.52","93.4","","","12.8","3326","129","74.4","94.8","","713"
"2017","45","Swansea University","311","4.13","3.09","0.71","81.1","","","14.7","1387","493","76.1","90.0","","702"
"2017","46","Keele University","350","4.28","2.88","0.59","75.6","","","13.2","1048","537","67.2","89.1","","691"
"2017","46","Harper Adams University","338","4.11","2.66","0.23","73.7","","","15.4","1418","1098","63.2","88.7","","691"
"2017","48","University of Strathclyde","470","4.01","3.04","0.84","71.7","","","19.4","1453","310","77.8","87.2","","688"
"2017","49","University of Lincoln","339","4.09","2.54","0.39","70.5","","","15.7","1161","556","67.7","89.3","","683"
"2017","50","Coventry University","316","4.28","2.67","0.13","73.8","","","14.6","1273","535","70.1","84.3","","679"
"2017","51","Goldsmiths, University of London","353","3.98","2.90","0.85","55.5","","","13.8","1198","441","80.6","83.9","","677"
"2017","52","Brunel University of London","349","4.06","2.67","0.85","63.0","","","15.7","1452","542","72.2","87.4","","672"
"2017","53","University of Bradford","321","4.08","2.95","0.23","75.0","","","16.0","1298","691","75.4","84.1","","656"
"2017","54","De Montfort University","292","4.14","2.67","0.30","76.8","","","18.6","1389","654","70.1","86.5","","648"
"2017","55","University of Buckingham","311","4.36","","","83.3","","","9.6","1204","832","54.7","85.0","","641"
"2017","56","Bournemouth University","321","3.90","2.72","0.29","65.8","","","17.3","1241","628","77.9","85.5","","638"
"2017","57","Manchester Metropolitan University","349","4.10","2.74","0.24","63.2","","","15.6","1198","461","70.4","83.5","","637"
"2017","58","Falmouth University","310","4.14","2.04","0.33","73.5","","","18.9","1174","364","74.8","88.6","","634"
"2017","59","University for the Creative Arts","316","4.08","2.72","0.10","51.7","","","12.1","2202","268","63.4","84.9","","633"
"2017","59","Northumbria University, Newcastle","361","4.11","2.71","0.29","66.0","","","17.1","1067","474","69.7","87.5","","633"
"2017","61","University of Portsmouth","321","4.14","2.75","0.27","66.8","","","15.4","1445","372","71.2","85.8","","631"
"2017","62","Bangor University","342","4.26","2.99","0.63","67.2","","","16.9","1034","442","64.2","82.3","","629"
"2017","63","Nottingham Trent University","305","4.15","2.59","0.23","66.3","","","16.7","1053","729","71.4","85.8","","627"
"2017","64","Robert Gordon University","385","4.09","2.35","0.21","82.8","","","18.4","1069","297","70.5","83.0","","625"
"2017","65","Oxford Brookes University","335","4.15","2.66","0.39","68.6","","","18.3","927","411","74.9","90.1","","624"
"2017","66","Norwich University of the Arts","343","4.15","2.69","0.18","63.1","","","17.8","1099","132","67.9","88.5","","621"
"2017","67","Bristol, UWE","323","4.03","2.70","0.29","70.4","","","18.5","1263","806","73.3","83.0","","614"
"2017","68","University of Hull","335","4.05","2.70","0.56","66.5","","","16.2","1400","551","70.4","84.0","","606"
"2017","69","University of Roehampton","275","4.02","2.83","0.67","60.0","","","14.9","1814","560","70.3","78.7","","604"
"2017","70","Ulster University","307","4.18","2.91","0.84","62.3","","","17.1","1195","531","65.9","81.1","","600"
"2017","71","Edge Hill University","327","4.16","2.22","0.27","63.1","","","14.8","1378","524","69.8","84.7","","599"
"2017","72","Sheffield Hallam University","304","4.03","2.76","0.16","64.7","","","16.5","1587","457","66.0","86.4","","598"
"2017","72","Cardiff Metropolitan University","315","4.03","3.00","0.09","59.0","","","17.9","1246","711","67.5","82.3","","598"
"2017","74","Liverpool John Moores University","342","4.12","2.79","0.26","63.0","","","18.1","1087","287","73.0","84.4","","596"
"2017","74","University of Winchester","293","4.17","2.32","0.30","60.5","","","16.7","901","323","77.3","88.7","","596"
"2017","76","Bath Spa University","321","4.20","2.52","0.30","54.5","","","18.5","1231","262","72.8","87.1","","586"
"2017","76","Arts University Bournemouth","322","4.07","2.30","0.13","61.4","","","14.9","788","235","62.2","91.6","","586"
"2017","78","Middlesex University","297","4.02","2.58","0.35","64.7","","","16.3","2692","605","62.2","74.7","","580"
"2017","79","University of Hertfordshire","302","4.01","2.61","0.21","74.7","","","17.5","1168","925","65.0","82.1","","577"
"2017","80","University of Chichester","298","4.17","2.50","0.25","56.9","","","16.0","823","430","69.0","89.1","","575"
"2017","81","University of Huddersfield","331","4.13","2.65","0.32","73.6","","","20.6","1254","425","65.1","81.8","","572"
"2017","82","Glasgow Caledonian University","385","3.98","2.67","0.24","70.1","","","21.1","1256","292","73.0","83.3","","568"
"2017","83","Liverpool Hope University","307","4.28","2.21","0.53","53.4","","","16.2","872","1116","66.2","79.6","","567"
"2017","84","University of Plymouth","314","4.08","2.74","0.50","60.1","","","16.4","1085","425","69.9","84.9","","566"
"2017","85","University of the Arts London","314","3.92","3.12","0.17","59.0","","","17.0","1392","215","62.7","83.7","","561"
"2017","86","Abertay University","338","4.04","2.16","0.36","65.6","","","19.3","1045","767","70.9","77.2","","557"
"2017","87","University of Northampton","280","4.14","2.09","0.25","59.4","","","18.6","1344","1031","66.3","85.8","","555"
"2017","87","Aberystwyth University","289","4.01","2.84","0.76","62.3","","","19.1","1106","548","66.9","88.6","","555"
"2017","89","University of Gloucestershire","319","4.06","2.38","0.18","55.2","","","18.3","1340","454","69.0","86.5","","551"
"2017","90","University of Brighton","301","4.00","2.84","0.21","66.6","","","17.4","912","431","66.9","84.0","","550"
"2017","91","University of Derby","302","4.16","2.07","0.19","59.1","","","14.8","1277","417","66.1","81.8","","546"
"2017","92","Edinburgh Napier University","337","4.05","2.52","0.19","68.6","","","20.1","887","327","73.9","82.4","","544"
"2017","93","Queen Margaret University, Edinburgh","350","4.02","2.65","0.22","58.2","","","18.3","1015","347","73.2","79.7","","540"
"2017","94","University of Chester","303","4.12","2.08","0.29","63.1","","","14.0","1382","485","63.8","80.4","","539"
"2017","95","Birmingham City University","316","3.96","2.64","0.14","64.3","","","19.1","1147","557","65.2","86.5","","535"
"2017","95","University of Salford","316","4.05","2.54","0.33","59.2","","","16.7","1193","448","71.3","79.9","","535"
"2017","97","University of Worcester","300","4.09","2.08","0.30","63.1","","","17.3","710","517","65.8","85.7","","526"
"2017","98","University of Greenwich","337","4.08","2.33","0.25","58.1","","","18.6","1186","525","65.0","83.3","","525"
"2017","99","University of South Wales","321","3.97","2.51","0.16","58.4","","","17.4","1114","523","64.9","82.3","","515"
"2017","99","University of Lancashire","317","4.06","2.51","0.24","62.3","","","16.8","1565","495","62.0","78.1","","515"
"2017","101","University of Staffordshire","274","4.11","2.20","0.33","57.7","","","15.7","1462","313","67.3","77.3","","506"
"2017","102","University of Westminster, London","315","3.96","2.74","0.29","54.9","","","19.8","1256","298","68.6","81.5","","503"
"2017","103","Royal Agricultural University","301","4.01","1.40","0.26","69.7","","","20.8","1888","863","62.2","93.7","","502"
"2017","103","Leeds Trinity University","284","4.11","2.01","0.17","65.8","","","21.6","1116","379","74.7","85.0","","502"
"2017","103","University of Sunderland","289","4.10","2.12","0.39","62.2","","","16.3","1122","571","54.6","80.3","","502"
"2017","106","University of West London","301","3.99","1.92","0.13","60.0","","","15.6","1399","1115","61.3","74.9","","498"
"2017","107","Teesside University","305","4.13","2.58","0.14","59.2","","","17.4","1335","481","57.5","80.5","","490"
"2017","107","York St John University","300","4.11","2.04","0.29","64.8","","","18.5","913","428","59.2","87.0","","490"
"2017","109","Kingston University","288","3.97","2.70","0.16","60.6","","","19.3","1287","496","64.3","81.3","","485"
"2017","110","Anglia Ruskin University","254","4.14","2.37","0.27","64.7","","","17.3","1204","474","64.8","80.7","","483"
"2017","110","University of the West of Scotland","316","4.08","2.36","0.22","65.1","","","19.8","1033","329","65.5","79.0","","483"
"2017","112","Canterbury Christ Church University","270","4.02","2.38","0.23","57.6","","","16.0","1001","377","66.8","80.8","","475"
"2017","113","Buckinghamshire New University","256","4.07","2.19","0.09","57.1","","","17.6","726","1342","55.3","79.7","","460"
"2017","114","Leeds Beckett University","288","3.98","2.16","0.24","58.3","","","20.7","932","499","65.3","78.7","","446"
"2017","115","London South Bank University","254","3.99","2.52","0.41","67.4","","","17.2","1450","437","60.4","73.1","","443"
"2017","115","Southampton, Solent University","275","4.02","1.63","0.07","54.1","","","16.9","1051","621","67.7","78.5","","443"
"2017","117","Birmingham Newman University","298","4.15","2.13","0.20","52.6","","","16.9","1207","377","59.1","79.4","","442"
"2017","118","St Mary's University, Twickenham","291","4.13","1.98","0.23","66.6","","","20.2","757","358","59.4","81.3","","440"
"2017","119","Lincoln Bishop University","284","4.07","1.96","0.17","67.8","","","25.1","421","419","67.9","90.0","","438"
"2017","120","University of Bedfordshire","234","4.08","2.52","0.27","57.9","","","17.4","1461","599","50.4","76.3","","423"
"2017","121","University of Cumbria","286","3.93","2.13","0.08","64.5","","","19.7","862","402","61.6","84.3","","422"
"2017","122","University of Greater Manchester","283","4.10","2.04","0.20","59.9","","","15.9","735","380","55.0","71.1","","406"
"2017","123","University of Wales Trinity Saint David","284","3.99","2.39","0.12","50.2","","","17.4","1126","661","51.2","79.7","","397"
"2017","124","Plymouth Marjon University","288","3.92","","","60.5","","","21.5","706","1128","60.6","82.1","","379"
"2017","125","Wrexham University","236","4.10","2.15","0.16","66.1","","","22.1","1447","412","55.6","74.3","","378"
"2017","126","University of East London","277","3.93","2.71","0.23","45.2","","","20.0","1219","731","59.1","73.4","","376"
"2017","127","London Metropolitan University","247","4.00","2.44","0.15","47.0","","","17.4","736","571","52.6","71.0","","322"
"2018","1","University of Cambridge","592","4.14","3.33","0.95","87.8","","","11.0","2604","859","92.1","98.9","","1000"
"2018","2","University of Oxford","570","4.13","3.34","0.87","83.7","","","10.3","2608","605","92.8","98.3","","998"
"2018","3","University of St Andrews","525","4.38","3.13","0.82","83.3","","","11.6","2034","582","91.1","96.4","","962"
"2018","4","London School of Economics and Political Science, University of London","537","3.75","3.35","0.85","84.4","","","11.4","2254","602","86.1","95.4","","952"
"2018","5","Imperial College London","552","3.99","3.36","0.92","90.3","","","11.3","2425","790","88.6","96.1","","925"
"2018","6","Durham University","519","4.16","3.14","0.79","83.2","","","14.5","1615","1026","89.5","95.9","","920"
"2018","7","UCL (University College London)","501","3.97","3.22","0.91","87.2","","","10.4","2345","277","88.8","94.7","","909"
"2018","8","University of Warwick","478","4.12","3.22","0.83","80.3","","","12.9","1765","706","83.4","95.1","","896"
"2018","9","Lancaster University","402","4.17","3.15","0.77","82.6","","","13.0","1917","943","77.5","92.6","","889"
"2018","10","Loughborough University","400","4.18","2.95","0.88","85.1","","","14.2","1550","1056","80.7","93.4","","883"
"2018","11","University of Bath","479","4.16","3.17","0.74","84.9","","","15.7","1703","468","85.9","94.8","","868"
"2018","12","University of East Anglia UEA","407","4.16","3.11","0.75","73.9","","","13.2","1646","1160","86.4","89.6","","853"
"2018","13","University of Surrey","438","4.20","2.98","0.73","81.0","","","15.4","1781","751","83.6","90.7","","851"
"2018","14","University of Leeds","427","4.15","3.13","0.75","81.3","","","13.2","2185","567","84.2","92.6","","850"
"2018","14","University of Exeter","471","4.20","3.08","0.82","80.1","","","16.5","1614","729","85.1","95.6","","850"
"2018","16","University of Birmingham","421","4.09","3.07","0.81","85.4","","","14.1","1929","568","84.9","94.4","","836"
"2018","17","University of Bristol","485","4.05","3.18","0.91","78.9","","","13.4","1490","482","87.0","95.9","","834"
"2018","18","University of Nottingham","425","4.12","3.09","0.79","82.6","","","13.8","1605","642","83.1","94.0","","825"
"2018","19","University of Sussex","366","4.09","3.01","0.73","85.9","","","16.3","1658","856","78.5","92.7","","818"
"2018","20","University of York","422","4.20","3.17","0.75","76.9","","","14.5","1473","554","81.2","92.2","","814"
"2018","21","King's College London, University of London","432","3.91","3.23","0.80","87.7","","","12.0","1594","568","85.8","93.7","","811"
"2018","22","University of Manchester","431","4.02","3.16","0.78","82.1","","","13.3","1748","650","78.4","93.1","","808"
"2018","23","Newcastle University","423","4.15","3.09","0.80","82.5","","","14.6","1466","466","81.0","94.0","","805"
"2018","23","The University of Edinburgh","483","3.85","3.18","0.83","72.7","","","12.5","1401","642","86.8","92.5","","805"
"2018","25","University of Kent","353","4.13","2.95","0.85","80.5","","","13.3","1092","573","79.6","90.4","","803"
"2018","26","University of Southampton","390","4.06","3.15","0.90","78.4","","","13.2","1588","469","78.5","91.2","","792"
"2018","27","University of Glasgow","485","4.10","3.10","0.84","81.4","","","14.6","1676","524","83.1","88.6","","791"
"2018","27","University of Reading","367","4.08","3.03","0.83","73.5","","","14.4","1641","509","81.2","91.5","","791"
"2018","29","Heriot-Watt University","407","4.13","3.06","0.82","79.7","","","16.6","1566","1024","77.4","87.6","","790"
"2018","30","University of Leicester","374","4.11","2.93","0.82","75.2","","","13.0","1808","882","74.7","93.0","","786"
"2018","30","University of Dundee","403","4.24","3.03","0.68","80.9","","","13.2","1478","405","82.7","87.7","","786"
"2018","32","University of Sheffield","407","4.11","3.17","0.74","81.2","","","14.6","1621","509","80.0","94.4","","782"
"2018","32","University of Essex","332","4.19","3.05","0.82","73.3","","","16.0","1694","1230","72.0","88.0","","782"
"2018","34","Queen Mary University of London","393","4.02","3.18","0.74","79.7","","","12.5","1540","881","76.6","91.6","","776"
"2018","35","Royal Holloway, University of London","389","4.13","3.09","0.77","69.1","","","14.8","1367","690","76.0","91.0","","773"
"2018","36","Queen's University Belfast","389","4.19","2.99","0.95","80.5","","","15.6","1378","787","77.9","91.2","","768"
"2018","37","Cardiff University","399","4.04","3.27","0.62","72.3","","","12.9","1417","630","79.1","93.0","","765"
"2018","38","SOAS University of London","401","4.08","2.82","0.76","70.6","","","11.6","1747","286","81.0","85.6","","751"
"2018","39","University of Stirling","372","4.05","2.96","0.74","77.1","","","15.8","988","690","81.3","87.1","","749"
"2018","40","University of Aberdeen","432","4.03","2.97","0.73","78.6","","","14.9","1556","679","82.6","85.9","","747"
"2018","41","University of Liverpool","387","4.07","3.06","0.70","76.5","","","13.5","1612","436","76.7","90.5","","741"
"2018","42","City, University of London","373","4.14","2.95","0.53","82.9","","","18.0","1728","596","73.6","86.7","","734"
"2018","43","Coventry University","331","4.28","2.67","0.13","79.8","","","14.6","1431","583","71.3","86.9","","732"
"2018","44","Swansea University","317","4.11","3.09","0.71","80.3","","","15.2","1477","554","78.0","89.6","","725"
"2018","45","University of Strathclyde","480","4.03","3.04","0.84","76.3","","","19.7","1425","354","79.2","88.0","","724"
"2018","46","Harper Adams University","338","4.23","2.66","0.23","72.5","","","15.1","1521","1575","61.4","86.7","","723"
"2018","47","Brunel University of London","345","4.06","2.67","0.85","70.6","","","15.8","1508","631","73.4","88.6","","722"
"2018","48","Keele University","340","4.30","2.88","0.59","78.7","","","13.9","1214","563","67.5","90.7","","713"
"2018","49","Aston University, Birmingham","342","4.16","3.05","0.57","82.3","","","20.9","1408","555","75.8","90.4","","712"
"2018","50","University of Lincoln","334","4.25","2.54","0.39","71.8","","","15.6","1200","589","68.2","89.2","","707"
"2018","51","Goldsmiths, University of London","342","3.98","2.90","0.85","59.8","","","14.1","1437","549","81.3","80.1","","703"
"2018","52","Nottingham Trent University","345","4.18","2.59","0.23","72.9","","","15.8","1179","777","69.9","87.3","","700"
"2018","53","St George's, University of London","408","3.83","2.99","0.52","95.1","","","12.5","2356","209","72.4","94.7","","687"
"2018","54","University for the Creative Arts","324","4.17","2.72","0.10","53.5","","","12.6","2585","118","72.5","81.2","","686"
"2018","55","Northumbria University, Newcastle","369","4.09","2.71","0.29","71.5","","","17.1","1266","540","74.6","86.1","","682"
"2018","56","University of Portsmouth","317","4.14","2.75","0.27","71.7","","","15.4","1492","515","73.9","85.9","","681"
"2018","57","Bournemouth University","312","4.00","2.72","0.29","71.2","","","16.5","1364","728","77.2","83.9","","680"
"2018","58","University of Bradford","329","4.02","2.95","0.23","78.6","","","16.0","1388","767","74.6","83.5","","675"
"2018","59","Liverpool Hope University","304","4.39","2.21","0.53","78.0","","","15.5","877","1164","63.8","78.8","","674"
"2018","60","Bristol, UWE","322","4.16","2.70","0.29","76.3","","","18.1","1540","784","72.6","84.4","","673"
"2018","61","Arts University Bournemouth","376","4.06","2.30","0.13","73.9","","","15.1","1038","285","65.5","88.2","","670"
"2018","62","Manchester Metropolitan University","346","4.08","2.74","0.24","66.6","","","15.6","1389","573","68.9","83.9","","664"
"2018","63","Falmouth University","318","4.14","2.04","0.33","79.3","","","17.7","1031","343","73.4","86.5","","662"
"2018","64","Edge Hill University","325","4.22","2.22","0.27","70.8","","","14.2","1494","622","69.4","84.2","","656"
"2018","65","Bangor University","338","4.23","2.99","0.63","66.1","","","16.2","1107","509","66.7","85.4","","654"
"2018","66","Oxford Brookes University","327","4.11","2.66","0.39","70.8","","","16.6","1044","443","73.0","89.7","","653"
"2018","67","Cardiff Metropolitan University","322","3.98","3.00","0.09","70.0","","","17.2","1522","751","63.7","80.9","","646"
"2018","68","Aberystwyth University","296","4.20","2.84","0.76","67.9","","","16.4","1409","531","68.5","85.0","","645"
"2018","69","Sheffield Hallam University","303","4.01","2.76","0.16","68.5","","","16.6","1639","465","73.5","86.2","","641"
"2018","69","University of Roehampton","280","4.00","2.83","0.67","64.1","","","14.3","1583","497","68.2","82.2","","641"
"2018","71","Ulster University","321","4.15","2.91","0.84","65.1","","","18.8","1286","558","71.6","83.5","","640"
"2018","72","University of Huddersfield","334","4.17","2.65","0.32","72.7","","","18.9","1385","495","70.9","80.7","","635"
"2018","73","Middlesex University","300","4.04","2.58","0.35","70.3","","","16.6","2622","471","65.9","77.6","","633"
"2018","74","University of Hull","317","4.05","2.70","0.56","72.6","","","16.5","1492","583","69.5","84.4","","632"
"2018","75","Robert Gordon University","390","4.03","2.35","0.21","77.4","","","18.1","1133","323","69.5","85.0","","627"
"2018","75","Liverpool John Moores University","343","4.10","2.79","0.26","66.0","","","17.5","1116","328","74.6","83.3","","627"
"2018","77","University of Plymouth","325","4.06","2.74","0.50","68.3","","","16.1","1184","455","70.6","84.5","","622"
"2018","78","University of Buckingham","318","4.45","","","71.4","","","10.4","1326","811","62.0","78.1","","621"
"2018","79","University of West London","298","4.13","1.92","0.13","68.9","","","15.6","1447","1269","69.5","79.8","","620"
"2018","79","Glasgow Caledonian University","396","3.96","2.67","0.24","71.2","","","19.4","1307","298","74.4","82.6","","620"
"2018","79","University of Hertfordshire","301","4.01","2.61","0.21","77.3","","","17.6","1213","977","66.0","86.6","","620"
"2018","82","De Montfort University","282","4.07","2.67","0.30","75.3","","","19.1","1348","674","67.3","83.8","","615"
"2018","83","University of the Arts London","313","3.93","3.12","0.17","61.0","","","15.9","1429","226","64.2","86.9","","614"
"2018","84","Norwich University of the Arts","349","4.04","2.69","0.18","57.2","","","17.1","1437","124","70.8","82.0","","605"
"2018","85","University of Winchester","291","4.08","2.32","0.30","60.9","","","15.9","1019","355","76.7","88.0","","603"
"2018","86","University of Gloucestershire","305","4.14","2.38","0.18","63.7","","","19.1","1339","485","70.9","85.8","","600"
"2018","86","University of Chichester","300","4.15","2.50","0.25","57.4","","","15.6","837","465","70.0","90.1","","600"
"2018","88","Abertay University","379","4.12","2.16","0.36","68.4","","","19.9","1065","797","69.9","77.0","","599"
"2018","89","University of Brighton","305","4.00","2.84","0.21","71.2","","","17.4","931","472","70.5","82.1","","593"
"2018","90","Bath Spa University","306","4.08","2.52","0.30","60.1","","","18.7","1273","294","73.2","85.0","","592"
"2018","91","University of Chester","303","4.13","2.08","0.29","64.2","","","13.5","1660","735","64.0","80.8","","589"
"2018","92","Queen Margaret University, Edinburgh","339","4.09","2.65","0.22","57.7","","","18.1","1155","367","77.8","79.1","","586"
"2018","93","University of Greenwich","341","4.01","2.33","0.25","65.6","","","17.8","1293","612","67.5","83.3","","585"
"2018","94","Edinburgh Napier University","343","4.03","2.52","0.19","71.4","","","19.1","1125","377","74.4","79.1","","582"
"2018","95","University of Westminster, London","319","3.99","2.74","0.29","58.0","","","17.9","1467","327","70.4","81.7","","581"
"2018","95","University of Lancashire","341","4.03","2.51","0.24","63.5","","","16.3","1506","466","68.1","79.5","","581"
"2018","97","University of Derby","289","4.14","2.07","0.19","63.6","","","14.8","1362","457","67.0","82.2","","576"
"2018","98","University of Salford","320","4.08","2.54","0.33","61.2","","","16.6","1206","554","73.1","81.5","","573"
"2018","99","Birmingham City University","312","4.06","2.64","0.14","68.7","","","18.7","1198","573","67.3","81.2","","568"
"2018","100","University of the West of Scotland","333","4.15","2.36","0.22","69.6","","","20.2","1286","362","70.2","80.1","","564"
"2018","101","Teesside University","300","4.13","2.58","0.14","65.8","","","16.6","1497","506","63.8","79.8","","562"
"2018","102","University of Sunderland","282","4.02","2.12","0.39","66.5","","","15.4","1447","670","63.7","76.3","","561"
"2018","102","Kingston University","308","3.96","2.70","0.16","64.4","","","18.0","1482","574","67.9","82.2","","561"
"2018","104","University of Worcester","301","4.11","2.08","0.30","67.6","","","16.4","741","604","63.0","84.3","","559"
"2018","105","University of Staffordshire","288","4.14","2.20","0.33","56.5","","","15.2","1643","235","65.8","76.0","","548"
"2018","106","Canterbury Christ Church University","279","4.02","2.38","0.23","60.4","","","16.3","1160","377","70.0","83.3","","547"
"2018","107","Royal Agricultural University","289","3.95","1.40","0.26","73.7","","","21.8","1868","763","68.9","94.5","","539"
"2018","108","London South Bank University","269","3.98","2.52","0.41","74.9","","","17.0","1611","487","63.9","74.6","","537"
"2018","109","University of Bedfordshire","244","4.07","2.52","0.27","61.4","","","16.9","1633","613","65.8","75.4","","536"
"2018","110","University of South Wales","321","4.01","2.51","0.16","56.1","","","17.8","1227","590","66.5","80.9","","534"
"2018","110","University of Northampton","273","4.07","2.09","0.25","53.8","","","18.5","1465","1028","69.4","83.4","","534"
"2018","112","Leeds Trinity University","274","4.00","2.01","0.17","70.2","","","21.4","1243","382","77.6","86.9","","532"
"2018","113","Birmingham Newman University","292","4.05","2.13","0.20","67.1","","","16.1","1200","366","62.8","78.6","","523"
"2018","114","University of East London","291","4.09","2.71","0.23","51.8","","","16.8","1556","830","61.7","71.4","","520"
"2018","115","Lincoln Bishop University","282","4.21","1.96","0.17","67.1","","","22.3","600","609","69.2","91.6","","517"
"2018","116","Birkbeck, University of London","260","4.12","2.97","0.81","70.5","","","16.0","800","85","58.9","68.0","","516"
"2018","117","Southampton, Solent University","280","4.04","1.63","0.07","56.5","","","15.5","1255","694","69.7","77.1","","514"
"2018","118","Anglia Ruskin University","257","4.15","2.37","0.27","56.3","","","17.8","1151","460","69.4","78.9","","506"
"2018","119","University of Wales Trinity Saint David","294","4.12","2.39","0.12","43.6","","","15.3","1215","816","66.7","78.9","","501"
"2018","120","St Mary's University, Twickenham","307","4.07","1.98","0.23","70.0","","","17.9","891","485","59.7","80.5","","499"
"2018","121","Leeds Beckett University","287","4.04","2.16","0.24","65.9","","","19.9","1022","518","64.6","75.6","","495"
"2018","122","York St John University","302","4.04","2.04","0.29","61.3","","","17.4","1080","537","56.4","86.4","","493"
"2018","123","University of Cumbria","295","3.99","2.13","0.08","65.5","","","17.8","1024","501","61.2","84.1","","476"
"2018","124","Buckinghamshire New University","270","4.07","2.19","0.09","61.2","","","17.5","1209","927","55.5","77.1","","474"
"2018","125","University of Greater Manchester","283","4.14","2.04","0.20","58.7","","","15.1","753","417","58.7","68.4","","452"
"2018","126","Plymouth Marjon University","336","4.13","","","62.8","","","21.3","776","1167","58.2","80.8","","447"
"2018","127","London Metropolitan University","260","4.07","2.44","0.15","58.7","","","18.1","740","694","50.2","72.7","","414"
"2018","128","Wrexham University","247","4.19","2.15","0.16","58.2","","","20.9","1362","437","64.0","67.6","","412"
"2018","129","University of Suffolk","276","4.04","","","60.4","","","19.2","543","141","56.9","72.5","","337"
"2019","1","University of Cambridge","226","","3.33","0.95","87.3","","","11.0","2638","915","92.6","98.6","","1000"
"2019","2","University of Oxford","217","","3.34","0.87","85.0","","","10.5","2703","640","93.7","98.5","","997"
"2019","3","London School of Economics and Political Science, University of London","200","3.71","3.35","0.85","87.1","","","11.9","2231","662","88.8","96.0","","935"
"2019","4","Imperial College London","219","4.07","3.36","0.92","90.5","","","11.4","2582","844","90.2","96.6","","930"
"2019","5","University of St Andrews","206","4.32","3.13","0.82","81.6","","","11.6","1970","660","90.1","96.0","","928"
"2019","6","Durham University","197","4.13","3.14","0.79","84.0","","","14.9","1728","1034","90.8","96.1","","895"
"2019","7","Loughborough University","162","4.24","2.95","0.88","82.2","","","13.8","1685","1176","84.3","92.3","","883"
"2019","8","Lancaster University","157","4.20","3.15","0.77","85.0","","","12.7","2050","1011","76.5","92.6","","881"
"2019","9","University of Warwick","181","4.13","3.22","0.83","80.6","","","12.8","1722","717","84.4","96.2","","874"
"2019","10","UCL (University College London)","191","","3.22","0.91","82.0","","","10.3","2353","309","90.8","94.0","","870"
"2019","11","University of Bath","186","4.11","3.17","0.74","85.2","","","15.8","1792","505","86.2","95.1","","836"
"2019","12","University of Exeter","176","4.11","3.08","0.82","84.1","","","16.1","1616","911","86.3","95.5","","828"
"2019","13","University of Leeds","166","4.12","3.13","0.75","81.1","","","13.2","2339","517","86.6","92.5","","820"
"2019","14","University of East Anglia UEA","154","4.09","3.11","0.75","77.4","","","13.4","1716","1133","87.8","90.5","","816"
"2019","15","University of Bristol","184","","3.18","0.91","80.2","","","13.6","1518","506","89.3","95.6","","800"
"2019","15","University of Birmingham","164","4.06","3.07","0.81","85.9","","","14.8","2056","574","85.8","94.6","","800"
"2019","17","University of Nottingham","165","4.09","3.09","0.79","83.3","","","13.9","1655","758","84.9","93.4","","796"
"2019","18","University of Manchester","169","","3.16","0.78","82.4","","","13.4","2030","686","81.7","93.1","","792"
"2019","19","University of Surrey","166","4.12","2.98","0.73","76.4","","","15.7","1731","745","85.3","90.5","","779"
"2019","20","University of Southampton","160","4.00","3.15","0.90","80.1","","","12.9","1657","536","82.4","92.3","","776"
"2019","21","University of York","159","4.18","3.17","0.75","81.1","","","14.6","1445","439","80.6","92.5","","770"
"2019","22","Newcastle University","161","4.09","3.09","0.80","81.5","","","13.8","1579","471","81.3","94.8","","763"
"2019","23","The University of Edinburgh","180","3.93","3.18","0.83","74.9","","","12.6","1346","708","86.5","92.0","","762"
"2019","24","University of Glasgow","200","4.08","3.10","0.84","83.3","","","14.9","1654","594","84.1","88.6","","757"
"2019","25","University of Sussex","146","4.05","3.01","0.73","80.2","","","16.4","1620","847","75.9","91.6","","746"
"2019","26","King's College London, University of London","172","","3.23","0.80","84.1","","","12.5","1706","561","86.4","87.4","","742"
"2019","26","University of Essex","116","4.08","3.05","0.82","79.3","","","16.3","1797","1363","78.8","86.1","","742"
"2019","28","University of Aberdeen","185","4.08","2.97","0.73","77.0","","","15.4","1627","694","85.4","89.6","","740"
"2019","28","Royal Holloway, University of London","143","4.05","3.09","0.77","71.8","","","15.2","1540","766","80.0","93.0","","740"
"2019","30","University of Sheffield","156","","3.17","0.74","82.5","","","14.7","1715","521","80.6","93.0","","735"
"2019","31","University of Dundee","177","4.15","3.03","0.68","85.3","","","14.5","1567","399","81.2","87.0","","730"
"2019","32","University of Reading","138","3.98","3.03","0.83","75.2","","","15.0","1753","599","79.1","92.1","","724"
"2019","33","Cardiff University","154","3.99","3.27","0.62","79.2","","","13.5","1504","665","78.9","92.3","","723"
"2019","34","University of Leicester","136","4.05","2.93","0.82","75.6","","","13.7","1759","915","79.0","92.6","","722"
"2019","35","Heriot-Watt University","163","3.98","3.06","0.82","76.6","","","16.7","1655","1341","76.8","84.6","","713"
"2019","36","University of Liverpool","147","","3.06","0.70","78.5","","","13.5","1703","429","79.3","90.5","","705"
"2019","36","Queen's University Belfast","152","4.05","2.99","0.95","80.0","","","15.8","1450","796","80.0","91.2","","705"
"2019","38","Queen Mary University of London","148","3.97","3.18","0.74","73.7","","","13.1","1538","814","79.8","92.0","","696"
"2019","39","Swansea University","129","4.09","3.09","0.71","82.2","","","15.4","1521","635","77.8","90.1","","690"
"2019","40","University of Strathclyde","201","3.99","3.04","0.84","80.0","","","19.8","1364","385","82.0","86.5","","687"
"2019","40","University of Stirling","158","3.99","2.96","0.74","73.9","","","15.5","1027","762","79.5","85.5","","687"
"2019","42","Nottingham Trent University","143","4.16","2.59","0.23","76.4","","","14.8","1285","838","71.9","85.8","","682"
"2019","43","University of Lincoln","129","4.15","2.54","0.39","76.0","","","14.9","1232","652","73.5","88.6","","676"
"2019","44","University of Kent","137","4.04","2.95","0.85","82.4","","","18.4","1110","605","78.5","88.3","","675"
"2019","45","Aston University, Birmingham","136","4.14","3.05","0.57","79.4","","","20.1","1324","485","81.3","90.7","","670"
"2019","46","SOAS University of London","148","","2.82","0.76","69.3","","","12.3","1775","296","80.5","82.5","","663"
"2019","47","Coventry University","126","4.15","2.67","0.13","81.1","","","14.6","1516","549","73.5","86.0","","659"
"2019","48","Harper Adams University","128","4.18","2.66","0.23","68.9","","","15.7","1571","1598","66.2","90.3","","652"
"2019","49","Arts University Bournemouth","161","4.09","2.30","0.13","79.2","","","15.7","1347","341","67.5","89.3","","647"
"2019","50","Brunel University of London","131","3.99","2.67","0.85","72.8","","","16.4","1567","669","75.1","87.1","","646"
"2019","51","University of Portsmouth","120","4.10","2.75","0.27","80.0","","","15.4","1473","609","75.2","85.1","","642"
"2019","52","St George's, University of London","164","3.89","2.99","0.52","93.6","","","12.4","2256","299","75.7","92.7","","638"
"2019","53","Liverpool Hope University","116","4.30","2.21","0.53","80.5","","","14.5","858","1201","65.9","80.9","","637"
"2019","54","Keele University","128","4.15","2.88","0.59","78.9","","","14.2","1313","563","71.4","89.7","","636"
"2019","55","University for the Creative Arts","139","4.07","2.72","0.10","61.1","","","13.2","2401","132","74.1","83.7","","634"
"2019","56","Northumbria University, Newcastle","144","4.05","2.71","0.29","72.1","","","16.7","1454","605","77.0","86.3","","631"
"2019","57","Manchester Metropolitan University","135","4.03","2.74","0.24","69.6","","","15.3","1781","663","70.4","83.0","","621"
"2019","58","Bristol, UWE","127","4.15","2.70","0.29","76.9","","","18.4","1504","813","75.3","84.3","","620"
"2019","59","Liverpool John Moores University","141","4.12","2.79","0.26","72.5","","","17.3","1205","383","76.0","85.9","","619"
"2019","60","University of Huddersfield","129","4.11","2.65","0.32","77.9","","","17.0","1605","586","74.4","82.5","","617"
"2019","61","University of Bradford","131","4.02","2.95","0.23","80.5","","","16.8","1338","787","77.3","82.1","","616"
"2019","62","Bangor University","132","4.19","2.99","0.63","68.7","","","16.7","1118","547","69.3","88.2","","610"
"2019","62","Goldsmiths, University of London","130","3.97","2.90","0.85","55.2","","","14.7","1672","619","83.9","79.2","","610"
"2019","64","Norwich University of the Arts","143","4.15","2.69","0.18","66.8","","","15.8","1638","148","72.8","87.3","","609"
"2019","65","Aberystwyth University","120","4.23","2.84","0.76","74.0","","","16.6","1506","472","67.3","83.2","","600"
"2019","66","Oxford Brookes University","129","4.01","2.66","0.39","72.1","","","16.1","1176","591","74.6","87.8","","599"
"2019","66","Bournemouth University","123","3.94","2.72","0.29","69.6","","","17.0","1378","722","78.9","84.1","","599"
"2019","66","City, University of London","142","4.01","2.95","0.53","68.5","","","17.9","1711","594","71.8","87.2","","599"
"2019","69","Sheffield Hallam University","124","4.05","2.76","0.16","69.2","","","16.9","1638","461","75.3","86.3","","584"
"2019","70","De Montfort University","113","4.13","2.67","0.30","80.4","","","19.4","1262","729","71.3","83.7","","583"
"2019","71","University of Roehampton","109","3.95","2.83","0.67","69.4","","","14.7","1594","560","68.9","81.2","","580"
"2019","71","Edge Hill University","131","4.07","2.22","0.27","70.0","","","15.2","1460","677","71.9","85.4","","580"
"2019","73","University of Staffordshire","114","4.16","2.20","0.33","79.3","","","14.5","1867","322","68.4","76.5","","578"
"2019","73","Ulster University","126","4.06","2.91","0.84","67.3","","","17.1","1320","577","73.5","82.9","","578"
"2019","75","Queen Margaret University, Edinburgh","144","3.87","2.65","0.22","76.7","","","18.5","1254","370","78.7","80.1","","576"
"2019","76","University of Buckingham","128","4.33","","","73.4","","","11.3","1341","715","68.7","84.0","","572"
"2019","77","Cardiff Metropolitan University","126","4.07","3.00","0.09","62.9","","","16.5","1779","772","65.2","79.4","","569"
"2019","77","University of Plymouth","129","4.05","2.74","0.50","71.3","","","15.9","1276","466","73.0","85.1","","569"
"2019","79","University of Salford","128","4.07","2.54","0.33","70.5","","","15.0","1221","724","69.6","81.5","","562"
"2019","79","University of West London","120","4.17","1.92","0.13","70.1","","","15.6","1491","1252","72.4","76.5","","562"
"2019","81","Leeds Arts University","165","4.26","","","56.5","","","12.5","919","224","73.8","90.5","","560"
"2019","82","University of Westminster, London","124","3.97","2.74","0.29","65.9","","","17.0","1570","415","71.9","82.9","","554"
"2019","83","Robert Gordon University","157","4.06","2.35","0.21","77.5","","","20.6","1124","323","71.0","85.9","","546"
"2019","84","University of the Arts London","135","3.94","3.12","0.17","56.5","","","14.4","1537","242","65.8","84.2","","543"
"2019","85","Glasgow Caledonian University","164","3.91","2.67","0.24","69.6","","","19.2","1337","308","72.8","84.8","","542"
"2019","86","University of Chichester","121","4.14","2.50","0.25","60.9","","","15.1","889","566","69.4","88.2","","536"
"2019","86","University of Hertfordshire","119","4.02","2.61","0.21","78.4","","","17.9","1317","1038","65.9","81.7","","536"
"2019","88","University of Gloucestershire","123","4.10","2.38","0.18","68.7","","","19.0","1338","519","71.8","83.4","","535"
"2019","89","University of Derby","119","4.09","2.07","0.19","73.8","","","15.1","1403","467","66.5","82.2","","530"
"2019","90","Falmouth University","120","4.06","2.04","0.33","71.6","","","18.4","906","360","72.6","88.3","","527"
"2019","91","University of Winchester","113","4.02","2.32","0.30","63.3","","","16.3","1113","384","77.6","87.8","","525"
"2019","92","Teesside University","119","4.04","2.58","0.14","79.1","","","17.2","1647","520","66.0","81.7","","524"
"2019","93","London South Bank University","108","4.02","2.52","0.41","81.7","","","16.5","1751","408","68.9","77.1","","523"
"2019","94","University of Hull","123","4.01","2.70","0.56","75.9","","","18.3","1477","622","67.3","82.2","","522"
"2019","95","Kingston University","125","3.99","2.70","0.16","63.7","","","16.0","1662","622","70.4","81.2","","521"
"2019","96","University of Greenwich","135","3.98","2.33","0.25","66.1","","","17.9","1410","735","74.1","80.9","","520"
"2019","97","Birmingham City University","128","4.02","2.64","0.14","70.0","","","18.1","1322","604","68.6","83.6","","517"
"2019","98","University of Chester","114","4.09","2.08","0.29","69.5","","","15.3","1728","878","65.8","82.6","","515"
"2019","99","Abertay University","155","4.03","2.16","0.36","66.1","","","18.5","1147","812","70.4","74.9","","513"
"2019","99","University of Sunderland","120","4.00","2.12","0.39","67.8","","","15.6","1577","674","66.7","78.2","","513"
"2019","101","Edinburgh Napier University","146","3.94","2.52","0.19","65.5","","","18.8","1305","362","74.7","81.6","","510"
"2019","102","University of Lancashire","129","4.02","2.51","0.24","69.9","","","16.4","1408","458","70.4","78.9","","509"
"2019","103","Bath Spa University","122","4.00","2.52","0.30","64.1","","","19.9","1255","362","74.6","85.2","","507"
"2019","104","St Mary's University, Twickenham","119","4.08","1.98","0.23","73.8","","","15.7","962","587","72.2","79.9","","502"
"2019","105","Middlesex University","119","4.00","2.58","0.35","59.0","","","16.6","2656","424","67.4","72.8","","501"
"2019","106","University of Brighton","117","4.00","2.84","0.21","68.4","","","18.2","974","483","69.3","85.5","","494"
"2019","107","University of South Wales","129","3.97","2.51","0.16","62.1","","","15.1","1309","536","67.4","79.2","","484"
"2019","108","Leeds Trinity University","100","4.15","2.01","0.17","68.0","","","19.5","1371","430","78.6","83.4","","482"
"2019","109","University of East London","112","4.08","2.71","0.23","61.3","","","17.0","1623","789","63.9","73.3","","476"
"2019","110","University of Worcester","119","4.08","2.08","0.30","65.7","","","16.7","862","598","65.6","85.0","","473"
"2019","111","Canterbury Christ Church University","108","3.98","2.38","0.23","63.7","","","15.2","1376","412","70.7","79.6","","471"
"2019","112","Southampton, Solent University","116","4.03","1.63","0.07","63.1","","","15.7","1391","733","71.3","78.7","","468"
"2019","113","University of Northampton","107","4.00","2.09","0.25","62.8","","","18.7","1696","1018","68.8","82.9","","467"
"2019","114","University of the West of Scotland","138","4.00","2.36","0.22","71.7","","","22.1","1462","382","70.3","80.8","","464"
"2019","115","University of Wales Trinity Saint David","113","4.12","2.39","0.12","52.7","","","15.0","1124","772","69.0","78.2","","458"
"2019","116","Anglia Ruskin University","105","4.10","2.37","0.27","67.6","","","18.2","1066","424","71.3","79.1","","439"
"2019","117","Royal Agricultural University","122","3.98","1.40","0.26","63.8","","","21.6","1773","807","65.8","95.1","","432"
"2019","118","University of Bedfordshire","95","4.01","2.52","0.27","67.8","","","17.6","1588","596","63.5","72.8","","422"
"2019","119","Birmingham Newman University","119","3.97","2.13","0.20","62.3","","","16.0","1245","357","65.3","77.8","","414"
"2019","120","Lincoln Bishop University","110","4.02","1.96","0.17","69.8","","","22.0","858","717","66.4","91.6","","411"
"2019","121","Leeds Beckett University","114","4.01","2.16","0.24","62.8","","","19.4","1139","505","65.9","76.0","","400"
"2019","122","Buckinghamshire New University","111","3.97","2.19","0.09","62.1","","","16.0","1926","429","56.6","76.2","","383"
"2019","123","University of Cumbria","118","3.87","2.13","0.08","68.0","","","16.7","1108","508","61.1","83.6","","381"
"2019","123","York St John University","113","4.04","2.04","0.29","55.0","","","17.4","1179","627","64.7","84.5","","381"
"2019","125","Birkbeck, University of London","94","3.95","2.97","0.81","72.4","","","15.8","947","101","57.2","64.2","","379"
"2019","126","University of Greater Manchester","112","4.09","2.04","0.20","64.2","","","14.7","866","428","59.4","68.9","","368"
"2019","127","Wrexham University","101","4.06","2.15","0.16","62.3","","","19.2","1238","491","66.6","71.1","","357"
"2019","128","University of Suffolk","118","3.96","","","65.5","","","17.6","1814","476","66.2","69.5","","354"
"2019","129","University of Wolverhampton","108","4.01","2.31","0.31","65.6","","","20.0","1493","291","64.0","70.4","","348"
"2019","130","Plymouth Marjon University","125","4.08","","","59.9","","","22.7","817","1094","65.5","84.1","","336"
"2019","131","London Metropolitan University","101","4.00","2.44","0.15","63.7","","","20.4","1007","941","52.3","68.7","","309"
"2020","1","University of Cambridge","224","4.09","3.33","0.95","86.7","","","11.2","2701","1006","93.4","98.4","","1000"
"2020","2","University of Oxford","215","4.10","3.34","0.87","83.4","","","10.4","2758","582","94.0","98.5","","989"
"2020","3","University of St Andrews","207","4.26","3.13","0.82","79.7","","","11.7","2211","719","89.8","96.3","","944"
"2020","4","London School of Economics and Political Science, University of London","189","3.67","3.35","0.85","86.1","","","11.1","2107","738","90.5","95.4","","934"
"2020","5","Imperial College London","205","4.02","3.36","0.92","90.4","","","11.4","2756","846","89.2","96.6","","933"
"2020","6","Durham University","194","4.01","3.14","0.79","84.8","","","15.0","1839","1067","92.1","96.4","","915"
"2020","7","Lancaster University","156","4.14","3.15","0.77","89.2","","","12.6","2187","1049","78.7","93.7","","914"
"2020","8","Loughborough University","157","4.18","2.95","0.88","86.8","","","13.4","1794","1320","83.8","92.1","","905"
"2020","9","University of Bath","183","4.05","3.17","0.74","87.4","","","15.6","1832","552","88.3","96.6","","882"
"2020","10","UCL (University College London)","187","3.87","3.22","0.91","83.8","","","10.5","2288","296","89.7","94.4","","880"
"2020","11","University of Warwick","171","4.05","3.22","0.83","83.2","","","13.0","1694","732","84.3","95.1","","868"
"2020","11","University of Exeter","171","4.08","3.08","0.82","85.5","","","15.5","1627","1075","87.9","95.7","","868"
"2020","13","University of Birmingham","163","4.01","3.07","0.81","85.3","","","13.9","2253","605","86.6","94.9","","841"
"2020","14","University of Leeds","164","4.09","3.13","0.75","81.2","","","13.4","2511","469","86.9","92.4","","838"
"2020","15","University of Manchester","168","3.98","3.16","0.78","80.4","","","13.3","2365","691","83.1","92.9","","827"
"2020","16","University of Bristol","177","3.95","3.18","0.91","80.5","","","13.5","1559","565","89.8","95.9","","826"
"2020","16","The University of Edinburgh","189","3.84","3.18","0.83","77.3","","","11.9","1364","754","89.5","92.1","","826"
"2020","18","University of Glasgow","196","4.06","3.10","0.84","85.4","","","13.7","1711","623","84.8","89.9","","823"
"2020","19","University of Nottingham","162","4.02","3.09","0.79","86.0","","","14.5","1654","841","84.1","93.7","","814"
"2020","20","University of Southampton","161","4.03","3.15","0.90","82.1","","","13.5","1746","611","84.9","89.3","","804"
"2020","21","University of East Anglia UEA","147","4.01","3.11","0.75","77.0","","","13.6","1750","1044","87.2","90.7","","802"
"2020","22","Newcastle University","160","4.03","3.09","0.80","85.8","","","14.2","1657","480","81.3","95.0","","800"
"2020","23","Royal Holloway, University of London","141","4.02","3.09","0.77","73.5","","","14.7","1769","839","82.6","92.0","","798"
"2020","23","University of Surrey","156","4.04","2.98","0.73","80.6","","","16.1","1774","708","85.0","92.7","","798"
"2020","25","King's College London, University of London","171","3.84","3.23","0.80","84.7","","","12.4","1891","590","86.7","91.8","","795"
"2020","26","Cardiff University","158","3.99","3.27","0.62","81.9","","","14.1","1584","694","83.3","91.8","","786"
"2020","27","Harper Adams University","134","4.09","2.66","0.23","72.5","","","13.7","1860","1908","74.4","91.3","","785"
"2020","28","University of Liverpool","145","4.08","3.06","0.70","85.3","","","14.3","1748","427","80.6","92.8","","776"
"2020","29","University of Aberdeen","183","4.08","2.97","0.73","81.0","","","16.1","1641","688","87.1","90.3","","774"
"2020","30","University of York","157","4.09","3.17","0.75","81.6","","","14.6","1328","406","80.5","92.8","","773"
"2020","31","University of Dundee","168","4.16","3.03","0.68","81.4","","","13.9","1826","513","78.9","88.5","","772"
"2020","32","University of Sussex","148","3.91","3.01","0.73","80.4","","","15.8","1626","872","75.6","90.7","","768"
"2020","33","University of Sheffield","157","4.04","3.17","0.74","84.3","","","15.2","1719","521","81.5","92.8","","767"
"2020","34","Aston University, Birmingham","131","4.02","3.05","0.57","79.2","","","17.4","1412","466","84.4","92.1","","763"
"2020","35","Swansea University","130","4.08","3.09","0.71","85.3","","","15.4","1558","695","78.0","90.8","","756"
"2020","35","Heriot-Watt University","162","3.94","3.06","0.82","79.2","","","17.8","1658","1418","79.7","86.8","","756"
"2020","37","Queen's University Belfast","150","3.97","2.99","0.95","82.4","","","15.9","1485","793","84.0","91.8","","755"
"2020","38","Nottingham Trent University","134","4.14","2.59","0.23","81.7","","","14.5","1364","882","74.4","87.6","","753"
"2020","39","University of Strathclyde","198","3.95","3.04","0.84","79.7","","","19.5","1355","454","83.4","88.4","","747"
"2020","40","University of Reading","132","3.85","3.03","0.83","75.8","","","15.8","1761","718","81.7","92.9","","746"
"2020","41","Queen Mary University of London","144","3.88","3.18","0.74","78.6","","","13.1","1466","794","83.2","89.8","","742"
"2020","42","University of Lincoln","128","4.17","2.54","0.39","81.5","","","14.7","1263","704","75.1","88.2","","735"
"2020","43","University of Stirling","162","3.97","2.96","0.74","78.2","","","16.4","1029","757","76.3","86.7","","732"
"2020","44","University of Essex","111","4.08","3.05","0.82","73.8","","","15.9","1836","1442","74.5","85.4","","726"
"2020","44","SOAS University of London","154","3.95","2.82","0.76","69.8","","","11.3","2068","359","81.7","81.4","","726"
"2020","44","University of Leicester","133","3.97","2.93","0.82","74.9","","","14.0","1786","828","78.4","92.3","","726"
"2020","47","St George's, University of London","159","3.83","2.99","0.52","94.0","","","11.1","2097","323","80.3","93.3","","725"
"2020","48","University for the Creative Arts","140","4.17","2.72","0.10","72.9","","","12.9","2411","161","75.1","80.1","","723"
"2020","49","University of Kent","134","3.99","2.95","0.85","78.0","","","18.0","1144","645","79.1","89.0","","715"
"2020","50","Northumbria University, Newcastle","143","4.03","2.71","0.29","75.1","","","16.3","1596","652","77.3","84.0","","703"
"2020","51","Oxford Brookes University","130","4.03","2.66","0.39","77.2","","","15.1","1431","771","75.7","89.6","","702"
"2020","52","Keele University","127","4.15","2.88","0.59","81.7","","","14.0","1407","588","74.2","88.7","","699"
"2020","53","Coventry University","126","4.13","2.67","0.13","80.5","","","14.6","1643","561","76.1","83.9","","698"
"2020","53","University of Portsmouth","115","4.11","2.75","0.27","85.2","","","15.4","1463","660","75.0","85.3","","698"
"2020","55","Bristol, UWE","125","4.18","2.70","0.29","76.1","","","15.3","1517","691","75.4","84.3","","693"
"2020","56","Manchester Metropolitan University","133","4.02","2.74","0.24","71.1","","","15.5","1902","711","73.2","83.5","","688"
"2020","57","City, University of London","142","4.05","2.95","0.53","72.9","","","17.8","1787","595","73.1","88.6","","680"
"2020","58","Edge Hill University","133","4.11","2.22","0.27","76.9","","","14.1","1567","739","74.0","85.1","","676"
"2020","58","Ulster University","128","4.14","2.91","0.84","70.9","","","17.4","1480","632","76.0","83.4","","676"
"2020","58","University of Staffordshire","119","4.18","2.20","0.33","80.7","","","15.4","1882","431","72.3","78.5","","676"
"2020","61","University of the Arts London","133","3.91","3.12","0.17","72.1","","","14.8","1865","243","71.3","86.2","","675"
"2020","62","Liverpool Hope University","118","4.21","2.21","0.53","83.7","","","14.5","866","1207","68.0","79.8","","674"
"2020","63","University of Bradford","132","3.91","2.95","0.23","82.8","","","17.2","1398","784","80.2","82.9","","671"
"2020","64","University of Huddersfield","130","4.07","2.65","0.32","80.0","","","17.5","1657","620","74.6","84.2","","668"
"2020","65","Arts University Bournemouth","154","4.07","2.30","0.13","80.3","","","15.1","1335","328","66.1","90.1","","667"
"2020","66","Liverpool John Moores University","141","4.05","2.79","0.26","74.7","","","16.9","1274","420","73.8","84.7","","661"
"2020","67","De Montfort University","110","4.13","2.67","0.30","83.2","","","19.9","1224","775","75.1","84.9","","655"
"2020","68","Queen Margaret University, Edinburgh","149","3.98","2.65","0.22","72.9","","","18.6","1344","396","79.0","82.0","","652"
"2020","69","Brunel University of London","126","3.88","2.67","0.85","70.7","","","18.0","1687","579","75.7","86.4","","651"
"2020","70","Bournemouth University","122","3.95","2.72","0.29","68.2","","","17.0","1519","742","76.4","85.3","","649"
"2020","71","Aberystwyth University","120","4.24","2.84","0.76","77.7","","","16.9","1480","414","69.0","81.6","","644"
"2020","72","Goldsmiths, University of London","130","3.88","2.90","0.85","58.1","","","15.1","1863","690","81.9","78.5","","640"
"2020","73","Sheffield Hallam University","119","4.07","2.76","0.16","73.5","","","17.2","1773","450","74.7","85.7","","637"
"2020","74","University of Hertfordshire","116","4.04","2.61","0.21","80.4","","","16.0","1466","1086","64.9","83.7","","634"
"2020","75","University of Lancashire","132","4.00","2.51","0.24","76.9","","","14.2","1983","489","71.8","79.6","","633"
"2020","76","Norwich University of the Arts","135","4.06","2.69","0.18","60.5","","","15.0","2046","364","71.8","88.6","","630"
"2020","77","University of Plymouth","135","4.10","2.74","0.50","73.5","","","16.2","1464","466","70.9","83.6","","628"
"2020","77","Falmouth University","130","4.01","2.04","0.33","76.9","","","18.3","1025","421","78.0","86.8","","628"
"2020","77","Glasgow Caledonian University","163","3.99","2.67","0.24","72.1","","","20.2","1300","291","79.9","83.7","","628"
"2020","80","University of Salford","130","4.08","2.54","0.33","73.1","","","15.2","1156","846","73.7","78.4","","626"
"2020","81","University of Roehampton","111","3.98","2.83","0.67","71.5","","","14.2","1832","635","68.7","74.4","","622"
"2020","81","University of Hull","126","3.96","2.70","0.56","76.0","","","16.2","1578","710","70.4","83.0","","622"
"2020","83","University of Greenwich","136","4.00","2.33","0.25","70.2","","","17.4","1460","830","77.0","82.0","","619"
"2020","83","Bangor University","125","4.16","2.99","0.63","67.4","","","17.0","1141","602","71.4","84.2","","619"
"2020","85","Robert Gordon University","153","4.04","2.35","0.21","81.1","","","20.4","1104","338","69.9","86.9","","616"
"2020","86","Edinburgh Napier University","143","3.85","2.52","0.19","73.4","","","17.9","2154","342","75.7","82.2","","615"
"2020","87","London South Bank University","115","3.95","2.52","0.41","87.7","","","15.6","1879","338","69.5","77.4","","613"
"2020","88","University of Chichester","122","4.07","2.50","0.25","64.8","","","14.4","1015","691","73.1","88.0","","612"
"2020","89","Middlesex University","122","3.92","2.58","0.35","73.5","","","16.7","2608","388","67.2","78.9","","606"
"2020","90","University of West London","116","4.02","1.92","0.13","73.8","","","14.8","1538","1095","74.3","78.1","","605"
"2020","91","Birmingham City University","123","4.07","2.64","0.14","76.4","","","17.9","1403","593","71.6","82.6","","604"
"2020","92","University of Westminster, London","126","3.92","2.74","0.29","70.0","","","19.3","1452","512","70.5","81.7","","602"
"2020","93","Kingston University","123","4.02","2.70","0.16","64.1","","","16.6","2031","709","72.5","84.1","","601"
"2020","94","Leeds Arts University","156","4.21","","","57.1","","","11.9","916","233","79.9","88.7","","596"
"2020","94","Bath Spa University","116","3.96","2.52","0.30","66.5","","","18.7","1465","421","78.8","86.2","","596"
"2020","96","Cardiff Metropolitan University","122","3.98","3.00","0.09","65.5","","","18.8","1766","754","67.4","79.6","","593"
"2020","97","University of Derby","122","4.11","2.07","0.19","75.8","","","14.5","1432","466","65.7","79.1","","584"
"2020","97","St Mary's University, Twickenham","118","4.13","1.98","0.23","72.3","","","16.0","1067","751","75.3","81.0","","584"
"2020","99","University of Gloucestershire","120","4.09","2.38","0.18","72.6","","","18.7","1426","527","71.3","80.9","","583"
"2020","100","Teesside University","117","4.08","2.58","0.14","80.9","","","18.0","1839","534","68.0","79.8","","581"
"2020","101","University of Chester","113","4.10","2.08","0.29","70.1","","","15.5","1755","1007","69.7","80.5","","577"
"2020","102","University of Wales Trinity Saint David","111","4.18","2.39","0.12","66.0","","","14.9","1194","752","72.9","77.2","","576"
"2020","103","Abertay University","137","4.02","2.16","0.36","73.4","","","19.6","1161","705","65.8","77.5","","569"
"2020","104","University of the West of Scotland","136","4.08","2.36","0.22","80.2","","","22.4","1643","416","71.3","80.8","","567"
"2020","105","Southampton, Solent University","118","4.10","1.63","0.07","70.2","","","15.6","1459","781","71.3","77.9","","565"
"2020","106","University of Winchester","112","4.04","2.32","0.30","64.2","","","16.4","1196","423","76.4","86.3","","564"
"2020","107","University of Sunderland","116","4.05","2.12","0.39","66.4","","","15.8","1781","632","64.7","80.5","","563"
"2020","107","University of Buckingham","121","4.24","","","81.5","","","15.8","1035","530","69.7","84.0","","563"
"2020","109","University of Worcester","118","4.11","2.08","0.30","74.7","","","17.2","931","569","67.1","81.8","","556"
"2020","110","University of Northampton","105","4.01","2.09","0.25","67.8","","","16.8","1884","989","68.0","80.6","","553"
"2020","111","York St John University","114","4.08","2.04","0.29","73.4","","","18.0","1239","623","68.6","87.7","","543"
"2020","112","Leeds Trinity University","108","4.11","2.01","0.17","67.9","","","19.9","1465","481","79.3","82.4","","541"
"2020","113","University of South Wales","125","4.06","2.51","0.16","63.2","","","15.6","1255","468","67.3","79.8","","537"
"2020","114","University of Brighton","117","3.94","2.84","0.21","66.8","","","18.5","1039","510","72.2","81.4","","534"
"2020","115","Buckinghamshire New University","115","4.10","2.19","0.09","67.6","","","15.8","2573","190","60.4","79.3","","528"
"2020","116","University of East London","107","4.11","2.71","0.23","65.0","","","18.9","1416","761","68.1","75.5","","526"
"2020","117","Canterbury Christ Church University","108","3.99","2.38","0.23","64.4","","","14.8","1485","413","68.8","80.6","","522"
"2020","118","Anglia Ruskin University","110","4.08","2.37","0.27","68.1","","","18.5","1000","408","74.0","78.1","","510"
"2020","119","Lincoln Bishop University","110","3.94","1.96","0.17","72.7","","","20.2","1165","837","69.0","90.1","","507"
"2020","120","University of Cumbria","123","3.92","2.13","0.08","72.4","","","16.8","1248","458","67.4","82.7","","502"
"2020","121","Leeds Beckett University","112","4.06","2.16","0.24","63.1","","","19.3","1343","540","70.3","76.3","","498"
"2020","122","University of Bedfordshire","98","4.07","2.52","0.27","70.2","","","17.0","1665","629","63.9","66.3","","492"
"2020","123","Royal Agricultural University","118","3.90","1.40","0.26","63.3","","","20.9","1831","900","63.5","91.2","","490"
"2020","124","University of Wolverhampton","110","4.03","2.31","0.31","68.7","","","18.0","1654","332","66.2","72.9","","483"
"2020","125","Birmingham Newman University","117","4.02","2.13","0.20","64.2","","","14.5","1334","343","60.9","76.6","","475"
"2020","126","London Metropolitan University","99","4.00","2.44","0.15","69.1","","","17.8","1734","1048","60.8","65.7","","473"
"2020","127","Plymouth Marjon University","120","4.23","","","63.6","","","22.2","1049","1185","77.1","78.3","","470"
"2020","128","University of Greater Manchester","115","4.21","2.04","0.20","56.5","","","14.2","1023","422","60.8","72.8","","447"
"2020","129","University of Suffolk","116","3.90","","","64.2","","","18.1","1905","490","66.8","72.2","","421"
"2020","130","Wrexham University","94","4.00","2.15","0.16","63.1","","","21.2","1193","495","70.4","74.7","","417"
"2020","131","Ravensbourne University London","110","3.82","","","68.7","","","31.6","1119","314","63.9","89.8","","339"
"2021","1","University of Cambridge","212","","3.33","0.95","86.7","","","11.2","2718","1043","92.9","98.8","","1000"
"2021","2","University of Oxford","205","","3.34","0.87","83.4","","","10.3","2842","599","94.2","98.1","","992"
"2021","3","University of St Andrews","211","4.34","3.13","0.82","79.7","","","11.2","2650","746","89.3","95.0","","959"
"2021","4","London School of Economics and Political Science, University of London","168","3.82","3.35","0.85","86.1","","","11.9","2051","853","92.2","97.2","","941"
"2021","5","Imperial College London","190","4.02","3.36","0.92","90.4","","","11.1","2982","755","92.9","96.8","","915"
"2021","6","Loughborough University","151","4.21","2.95","0.88","86.8","","","13.4","1853","1375","84.4","93.2","","902"
"2021","7","Durham University","192","4.01","3.14","0.79","84.8","","","14.7","2174","1085","91.7","95.6","","900"
"2021","8","Lancaster University","151","4.07","3.15","0.77","89.2","","","12.5","2319","1066","79.7","93.0","","885"
"2021","9","University of Bath","174","4.09","3.17","0.74","87.4","","","14.9","1913","703","89.0","96.2","","871"
"2021","10","UCL (University College London)","175","3.95","3.22","0.91","83.8","","","10.4","2338","325","89.1","94.5","","858"
"2021","11","University of Warwick","163","4.09","3.22","0.83","83.2","","","13.8","1643","795","86.7","94.9","","845"
"2021","12","University of Exeter","163","4.06","3.08","0.82","85.5","","","15.2","1594","1191","86.7","94.7","","834"
"2021","13","University of Birmingham","159","4.00","3.07","0.81","85.3","","","14.1","2371","757","86.3","94.5","","812"
"2021","14","University of Bristol","170","4.02","3.18","0.91","80.5","","","13.3","1645","673","90.1","94.9","","811"
"2021","15","The University of Edinburgh","187","3.87","3.18","0.83","77.3","","","11.9","1407","808","89.4","93.8","","810"
"2021","16","University of Leeds","160","4.06","3.13","0.75","81.2","","","13.7","2498","406","87.4","93.5","","804"
"2021","17","University of Southampton","155","4.03","3.15","0.90","82.1","","","13.3","1978","746","85.8","92.0","","803"
"2021","17","University of Manchester","167","3.98","3.16","0.78","80.4","","","13.1","2542","692","82.9","93.5","","803"
"2021","19","University of Glasgow","200","4.00","3.10","0.84","85.4","","","13.4","1862","673","83.0","88.0","","789"
"2021","20","University of Nottingham","151","4.00","3.09","0.79","86.0","","","14.5","1803","938","84.5","92.0","","773"
"2021","20","King's College London, University of London","171","3.89","3.23","0.80","84.7","","","11.9","1984","673","85.6","91.4","","773"
"2021","22","University of York","152","4.14","3.17","0.75","81.6","","","14.4","1296","603","82.4","94.4","","767"
"2021","23","Newcastle University","152","4.02","3.09","0.80","85.8","","","14.2","1790","530","82.0","95.1","","764"
"2021","24","Royal Holloway, University of London","135","4.08","3.09","0.77","73.5","","","14.7","1875","834","81.5","91.1","","761"
"2021","25","University of East Anglia UEA","138","4.02","3.11","0.75","77.0","","","13.5","1789","1044","84.7","87.8","","751"
"2021","26","University of Aberdeen","183","4.10","2.97","0.73","81.0","","","16.2","1744","701","86.2","89.0","","747"
"2021","27","Queen's University Belfast","151","3.97","2.99","0.95","82.4","","","14.6","1558","820","85.0","91.7","","746"
"2021","28","University of Sheffield","151","4.09","3.17","0.74","84.3","","","14.7","1772","520","82.7","93.2","","744"
"2021","29","Heriot-Watt University","168","4.00","3.06","0.82","79.2","","","17.8","1795","1491","79.3","84.4","","740"
"2021","30","Cardiff University","153","3.99","3.27","0.62","81.9","","","14.3","1698","709","81.8","91.8","","739"
"2021","31","University of Dundee","177","4.17","3.03","0.68","81.4","","","14.3","1881","597","76.8","87.7","","736"
"2021","32","Swansea University","130","4.09","3.09","0.71","85.3","","","15.0","1558","687","79.1","89.1","","732"
"2021","33","University of Liverpool","142","4.03","3.06","0.70","85.3","","","14.4","2086","539","78.8","92.7","","731"
"2021","34","University of Surrey","148","4.00","2.98","0.73","80.6","","","15.8","1926","725","79.9","88.8","","729"
"2021","35","Queen Mary University of London","149","3.90","3.18","0.74","78.6","","","13.0","1471","704","86.2","90.6","","720"
"2021","35","University of Strathclyde","199","4.01","3.04","0.84","79.7","","","19.5","1448","489","84.9","87.8","","720"
"2021","37","SOAS University of London","157","3.93","2.82","0.76","69.8","","","11.6","2546","417","82.5","82.0","","712"
"2021","38","University of Leicester","133","3.99","2.93","0.82","74.9","","","13.7","2014","779","78.9","94.0","","709"
"2021","39","University of Reading","126","3.92","3.03","0.83","75.8","","","15.8","1890","844","81.9","91.3","","706"
"2021","40","University of Sussex","143","3.95","3.01","0.73","80.4","","","17.4","1604","864","75.3","89.9","","699"
"2021","41","Harper Adams University","124","4.10","2.66","0.23","72.5","","","14.8","1891","1939","73.0","87.6","","684"
"2021","41","University of Essex","107","4.08","3.05","0.82","73.8","","","16.7","1950","1469","75.4","84.4","","684"
"2021","43","Aston University, Birmingham","126","4.00","3.05","0.57","79.2","","","16.1","1473","517","81.9","89.8","","683"
"2021","44","University for the Creative Arts","133","4.13","2.72","0.10","72.9","","","13.7","2492","189","73.5","84.8","","681"
"2021","45","University of Stirling","162","3.98","2.96","0.74","78.2","","","16.2","1079","847","76.3","81.4","","680"
"2021","46","Nottingham Trent University","126","4.12","2.59","0.23","81.7","","","14.8","1410","921","69.7","86.7","","672"
"2021","47","University of Kent","130","3.99","2.95","0.85","78.0","","","17.0","1211","716","78.0","88.8","","669"
"2021","48","Oxford Brookes University","122","3.98","2.66","0.39","77.2","","","14.7","1524","868","78.8","89.4","","667"
"2021","48","Arts University Bournemouth","147","4.17","2.30","0.13","80.3","","","14.5","1424","347","68.3","91.4","","667"
"2021","50","University of Lincoln","120","4.04","2.54","0.39","81.5","","","15.3","1292","781","75.9","88.7","","666"
"2021","51","University of the Arts London","132","3.90","3.12","0.17","72.1","","","13.7","2505","269","72.2","84.2","","665"
"2021","52","Northumbria University, Newcastle","143","4.05","2.71","0.29","75.1","","","15.5","1646","677","78.7","83.8","","661"
"2021","53","University of Huddersfield","128","4.06","2.65","0.32","80.0","","","15.5","1805","683","75.6","83.5","","660"
"2021","54","Coventry University","123","4.08","2.67","0.13","80.5","","","13.9","1784","616","74.6","81.8","","654"
"2021","54","Manchester Metropolitan University","132","4.07","2.74","0.24","71.1","","","15.0","2011","762","72.8","85.1","","654"
"2021","56","Keele University","124","4.13","2.88","0.59","81.7","","","14.3","1508","631","76.0","86.9","","652"
"2021","57","City, University of London","137","4.01","2.95","0.53","72.9","","","17.3","1920","625","75.6","87.4","","644"
"2021","58","Aberystwyth University","124","4.31","2.84","0.76","77.7","","","16.8","1932","435","70.7","82.8","","642"
"2021","59","St George's, University of London","154","3.83","2.99","0.52","94.0","","","13.3","2160","344","78.0","94.3","","631"
"2021","60","Ulster University","129","4.13","2.91","0.84","70.9","","","18.1","1664","700","78.6","80.4","","627"
"2021","61","University of Portsmouth","115","4.06","2.75","0.27","85.2","","","16.1","1512","652","73.6","83.8","","625"
"2021","62","Liverpool Hope University","116","4.11","2.21","0.53","83.7","","","15.0","884","1268","71.8","77.3","","624"
"2021","62","Edge Hill University","130","4.10","2.22","0.27","76.9","","","14.0","1638","892","71.3","84.2","","624"
"2021","64","Bristol, UWE","121","4.18","2.70","0.29","76.1","","","15.4","1249","633","74.5","82.6","","612"
"2021","64","University of Hull","126","4.02","2.70","0.56","76.0","","","15.1","1713","790","73.7","82.8","","612"
"2021","66","Liverpool John Moores University","144","4.07","2.79","0.26","74.7","","","16.8","1332","439","73.7","82.2","","610"
"2021","67","Sheffield Hallam University","116","4.12","2.76","0.16","73.5","","","16.8","2051","449","75.7","85.5","","602"
"2021","68","Goldsmiths, University of London","123","3.91","2.90","0.85","58.1","","","14.9","2090","762","79.6","78.0","","600"
"2021","69","University of Bradford","126","3.90","2.95","0.23","82.8","","","18.0","1424","772","79.9","82.5","","594"
"2021","70","University of Lancashire","126","4.07","2.51","0.24","76.9","","","13.3","2060","508","72.3","76.3","","593"
"2021","71","University of Plymouth","132","4.09","2.74","0.50","73.5","","","16.2","1736","521","73.7","83.5","","591"
"2021","72","University of Chichester","121","4.13","2.50","0.25","64.8","","","14.4","1116","795","75.6","90.4","","589"
"2021","72","Robert Gordon University","152","4.13","2.35","0.21","81.1","","","18.7","1229","455","72.0","84.5","","589"
"2021","72","Bangor University","123","4.17","2.99","0.63","67.4","","","15.7","1256","725","72.0","83.7","","589"
"2021","75","University of Staffordshire","117","4.11","2.20","0.33","80.7","","","17.5","1760","523","73.4","79.7","","580"
"2021","75","Queen Margaret University, Edinburgh","147","4.05","2.65","0.22","72.9","","","19.5","1258","416","79.6","79.3","","580"
"2021","77","Edinburgh Napier University","147","3.95","2.52","0.19","73.4","","","18.2","2120","328","78.8","81.0","","579"
"2021","77","Norwich University of the Arts","129","4.09","2.69","0.18","60.5","","","15.2","2079","566","70.8","84.1","","579"
"2021","77","University of West London","116","4.22","1.92","0.13","73.8","","","15.2","1603","927","75.4","77.9","","579"
"2021","77","Falmouth University","125","4.06","2.04","0.33","76.9","","","17.3","1152","452","76.4","86.9","","579"
"2021","81","University of Hertfordshire","108","4.02","2.61","0.21","80.4","","","14.8","1638","1122","65.7","82.1","","578"
"2021","81","De Montfort University","110","4.08","2.67","0.30","83.2","","","19.6","1306","904","72.5","81.4","","578"
"2021","81","University of Roehampton","103","4.01","2.83","0.67","71.5","","","14.8","2229","810","66.7","75.2","","578"
"2021","84","Birmingham City University","122","4.02","2.64","0.14","76.4","","","16.6","1448","576","74.4","84.0","","576"
"2021","84","Brunel University of London","120","3.88","2.67","0.85","70.7","","","17.7","1442","540","75.6","87.5","","576"
"2021","86","Bournemouth University","116","3.93","2.72","0.29","68.2","","","17.6","1640","736","78.8","84.2","","574"
"2021","87","Cardiff Metropolitan University","128","4.08","3.00","0.09","65.5","","","18.1","1774","772","70.6","80.1","","573"
"2021","88","Glasgow Caledonian University","153","4.01","2.67","0.24","72.1","","","21.4","1460","283","80.3","85.0","","559"
"2021","89","London South Bank University","107","4.08","2.52","0.41","87.7","","","16.3","1927","263","70.7","76.4","","556"
"2021","90","University of Greenwich","124","4.04","2.33","0.25","70.2","","","17.8","1477","846","77.1","81.4","","553"
"2021","91","University of Wales Trinity Saint David","137","4.16","2.39","0.12","66.0","","","16.3","1140","587","73.5","77.0","","551"
"2021","92","University of Salford","127","4.02","2.54","0.33","73.1","","","16.5","1182","803","71.7","81.9","","547"
"2021","93","Bath Spa University","109","3.89","2.52","0.30","66.5","","","17.2","1659","506","80.1","84.1","","541"
"2021","94","University of Chester","116","4.09","2.08","0.29","70.1","","","15.1","1917","971","71.5","79.8","","540"
"2021","95","Teesside University","116","4.11","2.58","0.14","80.9","","","18.2","1946","523","71.6","77.9","","534"
"2021","96","Abertay University","144","4.20","2.16","0.36","73.4","","","21.2","1093","686","75.8","74.3","","531"
"2021","97","University of Gloucestershire","115","4.05","2.38","0.18","72.6","","","17.7","1538","499","71.8","81.4","","530"
"2021","98","Middlesex University","115","3.92","2.58","0.35","73.5","","","17.0","2544","368","68.7","78.2","","527"
"2021","99","University of Derby","118","4.07","2.07","0.19","75.8","","","14.6","1461","441","66.9","78.4","","521"
"2021","100","Southampton, Solent University","123","4.11","1.63","0.07","70.2","","","15.8","1467","775","70.7","78.6","","512"
"2021","100","Kingston University","116","4.05","2.70","0.16","64.1","","","16.8","2027","692","71.3","80.9","","512"
"2021","102","University of South Wales","120","4.10","2.51","0.16","63.2","","","15.1","1511","357","70.4","81.7","","505"
"2021","103","York St John University","103","4.11","2.04","0.29","73.4","","","18.0","1334","595","73.6","86.4","","491"
"2021","104","University of Worcester","117","4.15","2.08","0.30","74.7","","","17.8","1083","626","66.0","82.2","","489"
"2021","105","University of Winchester","110","4.03","2.32","0.30","64.2","","","16.5","1239","465","74.3","84.2","","488"
"2021","106","Lincoln Bishop University","108","4.01","1.96","0.17","72.7","","","18.4","1430","972","70.7","88.9","","486"
"2021","107","St Mary's University, Twickenham","109","4.07","1.98","0.23","72.3","","","18.0","1076","756","75.1","82.8","","479"
"2021","108","University of Sunderland","115","4.01","2.12","0.39","66.4","","","15.5","2013","632","61.3","78.4","","478"
"2021","109","University of Northampton","103","3.97","2.09","0.25","67.8","","","16.2","1958","1056","66.9","78.7","","477"
"2021","109","University of the West of Scotland","128","4.06","2.36","0.22","80.2","","","22.6","1757","467","70.9","78.6","","477"
"2021","111","University of Westminster, London","120","3.95","2.74","0.29","70.0","","","20.9","1283","567","66.2","82.3","","476"
"2021","112","University of Brighton","116","4.01","2.84","0.21","66.8","","","17.5","1373","542","67.8","80.7","","472"
"2021","113","Anglia Ruskin University","109","4.09","2.37","0.27","68.1","","","17.7","1064","420","75.6","78.2","","465"
"2021","114","Royal Agricultural University","121","4.10","1.40","0.26","63.3","","","19.8","2017","981","67.6","94.4","","445"
"2021","115","University of Buckingham","122","4.12","","","81.5","","","15.0","1024","542","63.5","83.1","","443"
"2021","116","University of East London","107","4.00","2.71","0.23","65.0","","","19.7","1105","756","70.3","73.1","","440"
"2021","117","University of Cumbria","118","3.96","2.13","0.08","72.4","","","15.7","1407","380","63.9","82.8","","430"
"2021","118","London Metropolitan University","93","4.01","2.44","0.15","69.1","","","17.8","2581","1210","60.4","64.8","","429"
"2021","118","Leeds Beckett University","106","4.06","2.16","0.24","63.1","","","19.2","1487","675","71.3","76.0","","429"
"2021","120","Birmingham Newman University","109","4.12","2.13","0.20","64.2","","","17.1","1360","336","66.8","78.1","","417"
"2021","121","University of Wolverhampton","108","4.06","2.31","0.31","68.7","","","17.2","1729","329","65.6","70.4","","415"
"2021","122","Leeds Trinity University","101","3.93","2.01","0.17","67.9","","","21.0","1483","505","78.7","80.3","","414"
"2021","123","University of Bedfordshire","101","4.02","2.52","0.27","70.2","","","16.7","1750","673","65.6","58.5","","409"
"2021","124","Buckinghamshire New University","104","4.07","2.19","0.09","67.6","","","16.5","2472","373","58.2","75.2","","406"
"2021","125","Canterbury Christ Church University","105","4.02","2.38","0.23","64.4","","","15.6","1464","501","66.7","67.3","","395"
"2021","126","Wrexham University","100","4.02","2.15","0.16","63.1","","","19.4","1334","559","71.0","74.2","","380"
"2021","127","University of Greater Manchester","110","4.22","2.04","0.20","56.5","","","14.4","1395","432","60.4","72.2","","373"
"2021","128","Plymouth Marjon University","111","4.23","","","63.6","","","20.5","996","720","73.8","79.0","","363"
"2021","129","University of Suffolk","103","4.00","","","64.2","","","16.7","1961","478","71.0","72.4","","360"
"2021","130","Ravensbourne University London","110","3.80","","","68.7","","","24.2","1163","322","82.9","72.4","","315"
"2022","1","University of Oxford","200","","3.34","0.87","","90.4","84.7","10.1","2842","599","","99.1","","1000"
"2022","2","University of Cambridge","205","","3.33","0.95","","90.0","86.0","11.4","2718","1043","","99.1","","989"
"2022","3","London School of Economics and Political Science, University of London","177","3.98","3.35","0.85","","90.6","83.3","12.4","2051","853","","96.5","","963"
"2022","4","University of St Andrews","208","4.30","3.13","0.82","","79.9","79.6","11.1","2650","746","","95.7","","947"
"2022","5","Imperial College London","194","3.99","3.36","0.92","","95.1","86.7","11.1","2982","755","","97.5","","895"
"2022","6","Durham University","184","4.02","3.14","0.79","","85.3","82.3","13.5","2174","1085","","96.8","","889"
"2022","7","Loughborough University","150","4.18","2.95","0.88","","82.6","83.0","13.5","1853","1375","","93.4","","868"
"2022","8","UCL (University College London)","185","3.95","3.22","0.91","","85.3","83.4","10.1","2338","325","","94.3","","854"
"2022","9","University of Warwick","162","4.05","3.22","0.83","","83.7","81.5","12.8","1643","795","","95.1","","842"
"2022","10","University of Bath","168","4.06","3.17","0.74","","88.2","85.6","15.1","1913","703","","96.0","","840"
"2022","11","Lancaster University","144","4.04","3.15","0.77","","78.2","78.7","13.0","2319","1066","","93.2","","821"
"2022","12","The University of Edinburgh","186","3.86","3.18","0.83","","79.6","78.8","11.7","1407","808","","93.3","","801"
"2022","13","University of Exeter","157","4.03","3.08","0.82","","80.2","80.5","15.5","1594","1191","","94.4","","794"
"2022","13","University of Manchester","165","3.95","3.16","0.78","","81.3","82.6","13.1","2542","692","","93.0","","794"
"2022","15","University of Southampton","152","4.03","3.15","0.90","","80.1","79.7","13.2","1978","746","","93.2","","784"
"2022","16","University of Glasgow","199","4.04","3.10","0.84","","78.3","79.1","13.1","1862","673","","88.2","","771"
"2022","17","University of Bristol","164","3.97","3.18","0.91","","82.2","80.5","13.4","1645","673","","95.3","","768"
"2022","18","University of York","149","4.06","3.17","0.75","","79.6","80.0","13.6","1296","603","","93.3","","762"
"2022","19","University of Birmingham","152","3.92","3.07","0.81","","82.8","81.8","14.7","2371","757","","94.6","","754"
"2022","20","University of Leeds","157","3.97","3.13","0.75","","80.0","79.7","13.7","2498","406","","93.4","","753"
"2022","21","King's College London, University of London","166","3.84","3.23","0.80","","85.2","85.5","11.7","1984","673","","91.3","","747"
"2022","22","University of East Anglia UEA","133","4.05","3.11","0.75","","76.6","78.3","13.2","1789","1044","","88.7","","741"
"2022","23","Heriot-Watt University","171","3.97","3.06","0.82","","78.2","80.9","17.3","1795","1491","","84.6","","733"
"2022","24","University of Nottingham","147","3.94","3.09","0.79","","83.6","82.0","14.8","1803","938","","92.9","","727"
"2022","25","Cardiff University","144","3.94","3.27","0.62","","82.5","82.1","13.7","1698","709","","91.8","","725"
"2022","26","University of Sheffield","150","4.05","3.17","0.74","","79.3","77.7","14.0","1772","520","","92.8","","723"
"2022","27","University of Essex","117","4.05","3.05","0.82","","71.0","75.0","15.5","1950","1469","","86.8","","722"
"2022","28","University of Dundee","179","4.10","3.03","0.68","","81.2","83.1","14.5","1881","597","","89.0","","721"
"2022","29","Swansea University","132","4.08","3.09","0.71","","79.6","78.9","14.8","1558","687","","89.4","","720"
"2022","30","University of Liverpool","140","4.03","3.06","0.70","","77.5","80.0","13.9","2086","539","","91.3","","715"
"2022","30","University of Strathclyde","198","4.02","3.04","0.84","","81.0","79.5","18.9","1448","489","","89.6","","715"
"2022","32","Royal Holloway, University of London","131","4.04","3.09","0.77","","70.6","74.9","15.1","1875","834","","91.2","","714"
"2022","33","Harper Adams University","121","4.13","2.66","0.23","","69.8","87.5","14.2","1891","1939","","91.8","","711"
"2022","34","Queen's University Belfast","147","3.94","2.99","0.95","","82.6","80.7","14.6","1558","820","","90.9","","710"
"2022","35","University of Surrey","138","3.95","2.98","0.73","","84.3","83.9","16.7","1926","725","","89.3","","709"
"2022","36","University of Reading","124","3.96","3.03","0.83","","76.9","78.4","16.4","1890","844","","91.4","","696"
"2022","37","Newcastle University","144","3.96","3.09","0.80","","78.4","79.4","14.9","1790","530","","94.0","","695"
"2022","38","University of Aberdeen","182","4.06","2.97","0.73","","74.8","77.2","15.7","1744","701","","88.5","","686"
"2022","38","University of Stirling","163","4.05","2.96","0.74","","70.9","76.0","15.8","1079","847","","83.9","","686"
"2022","40","University of Leicester","130","3.96","2.93","0.82","","74.0","75.5","13.8","2014","779","","90.5","","682"
"2022","41","University of Sussex","137","3.91","3.01","0.73","","70.6","74.3","17.4","1604","864","","92.2","","671"
"2022","41","Queen Mary University of London","146","3.86","3.18","0.74","","79.0","77.8","13.0","1471","704","","91.6","","671"
"2022","43","University of the Arts London","137","3.92","3.12","0.17","","57.3","69.5","12.8","2505","269","","85.5","","660"
"2022","44","Ulster University","127","4.06","2.91","0.84","","74.5","78.1","18.9","1664","700","","87.0","","644"
"2022","45","Nottingham Trent University","120","4.11","2.59","0.23","","67.5","76.1","15.3","1410","921","","88.4","","640"
"2022","46","University of Lincoln","118","4.13","2.54","0.39","","69.8","78.3","15.7","1292","781","","88.0","","634"
"2022","47","Aston University, Birmingham","124","3.99","3.05","0.57","","80.2","80.4","15.8","1473","517","","90.2","","633"
"2022","48","SOAS University of London","147","3.92","2.82","0.76","","64.3","69.2","12.8","2546","417","","83.5","","632"
"2022","49","Northumbria University, Newcastle","138","4.00","2.71","0.29","","74.2","78.3","15.5","1646","677","","82.6","","631"
"2022","50","University of Kent","125","4.01","2.95","0.85","","69.3","73.5","16.7","1211","716","","88.2","","630"
"2022","51","Oxford Brookes University","115","3.95","2.66","0.39","","76.2","80.8","14.2","1524","868","","90.7","","626"
"2022","52","Coventry University","115","4.08","2.67","0.13","","75.5","80.7","14.2","1784","616","","80.1","","621"
"2022","53","University of Huddersfield","121","4.00","2.65","0.32","","69.8","76.3","13.7","1805","683","","83.5","","620"
"2022","54","City, University of London","132","3.84","2.95","0.53","","75.1","79.6","17.6","1920","625","","88.1","","613"
"2022","55","Bristol, UWE","123","4.17","2.70","0.29","","75.7","78.7","15.8","1249","633","","82.0","","612"
"2022","56","Manchester Metropolitan University","128","4.04","2.74","0.24","","64.1","71.7","16.0","2011","762","","85.5","","608"
"2022","57","Arts University Bournemouth","144","4.22","2.30","0.13","","57.1","73.9","14.3","1424","347","","88.4","","606"
"2022","58","Aberystwyth University","118","4.29","2.84","0.76","","63.0","70.5","16.0","1932","435","","85.0","","605"
"2022","58","Keele University","123","4.05","2.88","0.59","","74.9","77.1","14.8","1508","631","","88.0","","605"
"2022","60","Edge Hill University","130","3.99","2.22","0.27","","68.8","75.9","14.3","1638","892","","86.2","","600"
"2022","61","St George's, University of London","147","3.83","2.99","0.52","","89.2","90.0","13.3","2160","344","","93.0","","599"
"2022","62","Brunel University of London","119","3.89","2.67","0.85","","73.6","77.4","17.0","1442","540","","87.5","","596"
"2022","63","Cardiff Metropolitan University","124","4.08","3.00","0.09","","68.2","78.6","18.5","1774","772","","78.9","","595"
"2022","63","Goldsmiths, University of London","124","3.72","2.90","0.85","","60.2","70.8","14.3","2090","762","","79.1","","595"
"2022","65","Bangor University","119","4.09","2.99","0.63","","69.5","74.0","15.9","1256","725","","81.3","","590"
"2022","65","Robert Gordon University","149","4.18","2.35","0.21","","76.3","81.3","18.7","1229","455","","84.4","","590"
"2022","67","Sheffield Hallam University","115","4.01","2.76","0.16","","74.8","79.7","17.2","2051","449","","84.0","","585"
"2022","68","Bournemouth University","111","3.98","2.72","0.29","","77.5","78.1","18.6","1640","736","","80.8","","584"
"2022","69","University of Plymouth","129","4.09","2.74","0.50","","74.8","78.0","17.1","1736","521","","83.9","","577"
"2022","70","University of Chichester","121","4.15","2.50","0.25","","66.1","75.2","14.9","1116","795","","86.5","","573"
"2022","70","University of Hull","123","4.05","2.70","0.56","","71.6","74.8","15.5","1713","790","","80.9","","573"
"2022","72","University of Chester","117","4.12","2.08","0.29","","65.8","76.1","14.7","1917","971","","81.0","","564"
"2022","73","Liverpool John Moores University","139","4.06","2.79","0.26","","66.1","70.9","17.3","1332","439","","82.7","","562"
"2022","74","University of Portsmouth","113","4.07","2.75","0.27","","69.2","72.8","16.3","1512","652","","83.5","","558"
"2022","75","University for the Creative Arts","130","4.04","2.72","0.10","","53.1","60.5","14.1","2492","189","","84.5","","556"
"2022","76","Liverpool Hope University","115","4.11","2.21","0.53","","58.4","72.6","14.8","884","1268","","82.6","","554"
"2022","77","Glasgow Caledonian University","163","4.07","2.67","0.24","","72.4","76.5","22.3","1460","283","","85.0","","551"
"2022","77","Edinburgh Napier University","144","4.09","2.52","0.19","","71.7","77.5","19.9","2120","328","","80.2","","551"
"2022","79","University of Roehampton","102","4.02","2.83","0.67","","57.1","69.6","15.2","2229","810","","77.5","","548"
"2022","80","University of Brighton","110","3.90","2.84","0.21","","74.6","78.4","16.7","1373","542","","82.9","","545"
"2022","80","University of Hertfordshire","104","4.04","2.61","0.21","","69.3","74.3","15.6","1638","1122","","82.0","","545"
"2022","82","Birmingham City University","119","4.01","2.64","0.14","","69.5","76.3","16.5","1448","576","","82.7","","541"
"2022","83","University of Salford","126","4.02","2.54","0.33","","70.3","76.0","16.8","1182","803","","80.2","","540"
"2022","84","Norwich University of the Arts","128","4.07","2.69","0.18","","53.3","63.2","15.6","2079","566","","83.6","","536"
"2022","85","Kingston University","116","4.02","2.70","0.16","","68.9","74.5","17.6","2027","692","","82.3","","534"
"2022","85","University of Bradford","124","3.96","2.95","0.23","","73.1","79.4","18.7","1424","772","","83.6","","534"
"2022","87","University of Worcester","114","4.14","2.08","0.30","","70.0","79.5","16.9","1083","626","","85.3","","530"
"2022","88","Queen Margaret University, Edinburgh","153","4.02","2.65","0.22","","67.9","71.2","20.8","1258","416","","81.5","","526"
"2022","89","University of Lancashire","123","4.01","2.51","0.24","","69.2","74.1","14.3","2060","508","","72.3","","522"
"2022","90","University of Northampton","106","4.00","2.09","0.25","","66.9","77.0","16.8","1958","1056","","79.3","","521"
"2022","91","University of South Wales","115","4.08","2.51","0.16","","65.4","72.3","15.5","1511","357","","81.8","","515"
"2022","92","University of Sunderland","117","4.02","2.12","0.39","","61.1","71.3","15.5","2013","632","","77.5","","514"
"2022","92","University of Greenwich","115","3.98","2.33","0.25","","71.3","77.2","18.5","1477","846","","81.7","","514"
"2022","94","University of West London","115","4.22","1.92","0.13","","66.0","74.6","15.9","1603","927","","77.5","","512"
"2022","95","Teesside University","114","4.08","2.58","0.14","","74.0","77.0","17.9","1946","523","","75.6","","508"
"2022","96","University of Derby","116","4.11","2.07","0.19","","65.2","74.7","14.7","1461","441","","78.5","","506"
"2022","97","University of Staffordshire","115","4.14","2.20","0.33","","63.9","72.9","17.7","1760","523","","77.8","","500"
"2022","98","University of Gloucestershire","115","4.03","2.38","0.18","","62.4","73.2","17.3","1538","499","","80.7","","495"
"2022","99","Falmouth University","122","4.08","2.04","0.33","","58.5","65.5","15.3","1152","452","","84.7","","488"
"2022","100","University of Cumbria","120","4.03","2.13","0.08","","72.2","81.8","16.6","1407","380","","81.8","","485"
"2022","101","De Montfort University","105","3.93","2.67","0.30","","68.0","73.9","20.2","1306","904","","80.2","","481"
"2022","102","Buckinghamshire New University","104","4.10","2.19","0.09","","69.5","77.7","17.4","2472","373","","73.1","","477"
"2022","103","University of the West of Scotland","133","4.06","2.36","0.22","","69.5","75.6","20.9","1757","467","","78.1","","476"
"2022","103","University of Wales Trinity Saint David","135","4.19","2.39","0.12","","53.4","70.5","18.8","1140","587","","78.7","","476"
"2022","105","Bath Spa University","105","3.93","2.52","0.30","","59.8","69.2","18.0","1659","506","","84.4","","475"
"2022","106","University of Winchester","108","4.01","2.32","0.30","","62.5","72.1","17.4","1239","465","","84.3","","471"
"2022","107","Middlesex University","104","3.94","2.58","0.35","","59.1","69.0","17.5","2544","368","","76.1","","465"
"2022","108","London South Bank University","106","3.99","2.52","0.41","","69.8","76.0","16.8","1927","263","","75.3","","464"
"2022","109","Abertay University","140","4.23","2.16","0.36","","62.2","70.6","22.4","1093","686","","73.6","","463"
"2022","110","Leeds Beckett University","104","4.10","2.16","0.24","","67.3","73.6","20.0","1487","675","","77.6","","460"
"2022","111","St Mary's University, Twickenham","104","4.09","1.98","0.23","","68.8","76.8","18.0","1076","756","","81.1","","459"
"2022","111","York St John University","107","4.14","2.04","0.29","","63.5","74.0","18.1","1334","595","","84.4","","459"
"2022","113","University of Greater Manchester","110","4.18","2.04","0.20","","58.9","69.4","14.5","1395","432","","75.7","","452"
"2022","114","University of Westminster, London","118","3.98","2.74","0.29","","60.5","67.4","20.9","1283","567","","80.1","","450"
"2022","115","Royal Agricultural University","113","3.98","1.40","0.26","","71.2","81.7","21.7","2017","981","","89.5","","449"
"2022","116","Plymouth Marjon University","115","4.18","","","","66.9","83.0","16.4","996","720","","78.3","","444"
"2022","117","Anglia Ruskin University","108","4.05","2.37","0.27","","72.8","77.2","20.0","1064","420","","79.8","","443"
"2022","118","Canterbury Christ Church University","97","3.94","2.38","0.23","","68.5","75.4","16.4","1464","501","","77.2","","434"
"2022","119","London Metropolitan University","95","4.09","2.44","0.15","","56.1","67.1","18.5","2581","1210","","68.0","","433"
"2022","120","Southampton, Solent University","109","4.12","1.63","0.07","","61.0","68.5","16.1","1467","775","","76.3","","431"
"2022","121","Birmingham Newman University","102","4.18","2.13","0.20","","59.8","77.9","17.7","1360","336","","75.4","","418"
"2022","122","Lincoln Bishop University","105","4.12","1.96","0.17","","68.4","81.4","19.1","1430","972","","88.1","","404"
"2022","123","University of Buckingham","121","4.16","","","","71.4","70.8","18.8","1024","542","","85.0","","398"
"2022","124","University of Wolverhampton","105","4.02","2.31","0.31","","63.6","72.7","17.0","1729","329","","71.3","","397"
"2022","125","Leeds Trinity University","103","4.04","2.01","0.17","","64.0","76.3","22.9","1483","505","","81.3","","396"
"2022","126","University of Suffolk","110","3.96","","","","74.4","80.9","16.5","1961","478","","65.0","","395"
"2022","127","University of East London","97","4.00","2.71","0.23","","56.5","69.6","21.9","1105","756","","76.5","","374"
"2022","128","Wrexham University","102","4.14","2.15","0.16","","62.9","68.6","21.9","1334","559","","73.3","","364"
"2022","129","Ravensbourne University London","113","3.80","","","","70.0","77.5","22.6","1163","322","","79.7","","333"
"2022","130","University of Bedfordshire","103","3.93","2.52","0.27","","66.2","73.1","23.5","1750","673","","53.1","","304"
"2023","1","University of Oxford","201","","3.49","0.95","","88.3","81.4","10.5","2748","546","","98.8","","1000"
"2023","2","University of Cambridge","207","","3.53","1.00","","87.5","81.2","11.6","2705","1067","","98.9","","995"
"2023","3","London School of Economics and Political Science, University of London","193","3.87","3.53","0.65","","90.2","78.9","13.4","1822","805","","97.2","","960"
"2023","4","University of St Andrews","209","4.26","3.31","0.71","","78.6","80.1","11.8","2803","705","","96.3","","927"
"2023","5","Imperial College London","198","4.05","3.63","0.80","","92.4","84.6","11.7","2855","618","","98.8","","913"
"2023","6","Durham University","187","3.90","3.34","0.70","","82.5","79.8","13.7","2278","989","","97.9","","902"
"2023","7","Loughborough University","155","4.06","3.30","0.71","","79.2","77.8","13.8","1981","1395","","93.4","","876"
"2023","8","University of Bath","177","3.99","3.31","0.73","","85.8","81.6","15.4","1930","790","","96.5","","867"
"2023","9","UCL (University College London)","189","3.85","3.50","0.72","","85.3","80.1","11.1","2175","322","","95.8","","860"
"2023","10","University of Warwick","167","4.00","3.42","0.59","","83.4","81.1","14.2","1577","820","","96.7","","842"
"2023","11","Lancaster University","150","3.96","3.37","0.80","","75.8","76.2","14.1","2158","952","","95.8","","836"
"2023","12","The University of Edinburgh","190","3.70","3.42","0.76","","76.8","77.7","11.5","1426","789","","96.4","","809"
"2023","13","University of Southampton","155","3.89","3.41","0.71","","75.4","73.8","12.6","2142","823","","93.6","","793"
"2023","14","University of Birmingham","158","3.67","3.43","0.63","","76.5","78.3","14.9","2385","1090","","96.9","","772"
"2023","15","University of Bristol","167","3.78","3.51","0.67","","79.0","77.9","14.1","1582","716","","97.1","","771"
"2023","16","University of Leeds","159","3.81","3.35","0.65","","78.2","75.8","13.8","2684","433","","95.2","","768"
"2023","17","University of Manchester","165","3.71","3.47","0.66","","78.4","76.2","14.3","2371","621","","95.6","","763"
"2023","18","University of Surrey","143","3.98","3.29","0.62","","80.2","79.6","16.0","2052","718","","92.7","","759"
"2023","19","University of Exeter","162","3.81","3.35","0.69","","74.6","74.4","15.8","1282","1052","","95.7","","754"
"2023","20","University of York","149","3.92","3.45","0.65","","76.2","76.3","15.1","1168","679","","95.2","","752"
"2023","21","University of Liverpool","144","3.89","3.34","0.61","","73.3","76.2","13.8","2370","714","","94.9","","741"
"2023","22","King's College London, University of London","165","3.75","3.46","0.69","","82.4","79.9","13.9","1908","705","","95.0","","739"
"2023","23","University of Glasgow","204","3.93","3.43","0.57","","72.2","74.5","13.7","1758","592","","93.5","","726"
"2023","24","Queen's University Belfast","148","3.87","3.27","0.70","","81.2","80.1","15.9","1417","740","","95.0","","724"
"2023","25","University of Nottingham","152","3.80","3.34","0.68","","79.3","76.8","15.8","1845","868","","95.7","","722"
"2023","26","Cardiff University","148","3.73","3.36","0.59","","79.5","78.8","14.5","1711","704","","94.8","","719"
"2023","27","University of East Anglia UEA","134","3.86","3.38","0.56","","73.0","73.2","14.2","1823","1070","","91.9","","715"
"2023","28","University of Sheffield","149","3.91","3.40","0.66","","74.4","75.3","14.9","1823","529","","93.7","","712"
"2023","29","University of Leicester","129","3.90","3.30","0.63","","71.2","74.4","13.7","2356","716","","93.1","","711"
"2023","29","Harper Adams University","128","3.94","2.61","0.25","","74.3","83.8","13.8","2004","2083","","92.9","","711"
"2023","31","University of Reading","129","3.76","3.24","0.63","","74.6","76.0","16.6","1911","855","","94.0","","704"
"2023","32","University of Strathclyde","207","3.97","3.29","0.65","","76.7","75.2","19.1","1541","498","","94.2","","698"
"2023","33","Royal Holloway, University of London","128","3.86","3.30","0.70","","68.0","71.3","16.2","1810","765","","95.6","","694"
"2023","34","Heriot-Watt University","176","3.86","3.22","0.67","","72.1","75.0","18.0","2032","1380","","89.0","","686"
"2023","35","Queen Mary University of London","145","3.80","3.39","0.61","","73.4","74.4","14.6","2101","662","","95.8","","683"
"2023","36","Newcastle University","148","3.67","3.29","0.70","","73.8","74.5","14.7","1932","567","","95.4","","682"
"2023","37","University of Aberdeen","185","3.98","3.03","0.73","","71.6","72.4","15.0","1860","730","","92.7","","680"
"2023","38","University of the Arts London","135","3.66","3.18","0.14","","58.2","67.4","11.9","2933","281","","88.2","","679"
"2023","39","University of Essex","112","3.76","3.23","0.65","","65.3","71.3","16.0","2044","1350","","89.3","","674"
"2023","40","City, University of London","133","3.73","3.25","0.56","","77.7","79.6","19.4","1882","612","","94.3","","667"
"2023","41","University of Sussex","135","3.78","3.29","0.69","","66.8","66.4","17.3","1544","873","","92.4","","665"
"2023","42","Swansea University","131","3.95","3.20","0.47","","71.5","73.3","16.2","1485","609","","91.0","","651"
"2023","43","Northumbria University, Newcastle","133","3.73","3.06","0.68","","71.4","76.1","15.7","1575","621","","85.3","","649"
"2023","44","Ulster University","131","3.98","3.20","0.55","","70.3","74.8","20.3","1665","661","","90.5","","642"
"2023","45","Oxford Brookes University","122","3.74","2.87","0.39","","73.7","77.8","14.0","1415","789","","91.0","","640"
"2023","46","SOAS University of London","140","3.83","3.24","0.57","","68.0","70.5","14.6","2601","457","","87.6","","637"
"2023","47","University of Kent","123","3.89","3.26","0.67","","65.1","69.5","17.7","1294","759","","92.7","","636"
"2023","48","Aston University, Birmingham","133","3.82","3.06","0.52","","75.5","77.9","17.0","1452","547","","93.1","","633"
"2023","49","University of Dundee","180","3.87","3.23","0.41","","73.8","76.1","14.9","1850","638","","90.2","","632"
"2023","50","University of Stirling","169","3.93","3.11","0.67","","66.4","73.9","18.6","1030","842","","89.9","","631"
"2023","51","University of Lincoln","125","3.91","2.98","0.39","","65.2","71.7","16.1","1316","816","","90.4","","630"
"2023","52","Keele University","127","3.91","3.07","0.52","","74.4","77.9","15.3","1494","619","","91.7","","621"
"2023","53","Aberystwyth University","125","4.09","3.00","0.69","","61.2","67.2","15.6","2367","473","","85.6","","615"
"2023","54","Norwich University of the Arts","131","3.94","2.96","0.13","","56.9","65.7","15.5","1963","700","","86.1","","611"
"2023","55","St George's, University of London","145","3.53","3.23","0.38","","94.6","93.2","13.1","2088","335","","95.2","","607"
"2023","56","Nottingham Trent University","123","3.80","3.10","0.20","","62.5","69.7","15.3","1287","782","","89.8","","606"
"2023","57","Coventry University","121","3.93","2.90","0.23","","68.4","73.0","13.8","1958","611","","80.2","","605"
"2023","58","University of Hull","125","3.92","3.10","0.37","","70.3","74.3","16.2","1925","858","","82.7","","598"
"2023","59","University of Huddersfield","126","3.76","2.80","0.47","","62.8","71.8","14.7","1828","716","","86.6","","595"
"2023","60","University of Chester","123","3.84","2.50","0.48","","66.3","72.6","15.1","2000","869","","87.3","","594"
"2023","61","Bristol, UWE","123","3.90","2.96","0.25","","72.8","74.5","15.7","1085","557","","86.2","","586"
"2023","62","Goldsmiths, University of London","124","3.60","3.11","0.64","","57.6","66.0","13.9","2389","859","","77.6","","585"
"2023","63","Bangor University","122","3.87","3.23","0.46","","61.8","67.1","15.1","1376","849","","84.2","","584"
"2023","64","Edge Hill University","128","3.87","2.67","0.32","","63.4","71.2","15.5","1584","890","","87.7","","581"
"2023","64","University of Plymouth","132","3.89","3.01","0.45","","70.9","76.1","17.3","1900","542","","87.9","","581"
"2023","66","Sheffield Hallam University","118","3.77","2.93","0.28","","72.1","74.8","17.7","2214","439","","88.0","","577"
"2023","67","Manchester Metropolitan University","123","3.74","3.11","0.36","","61.5","67.5","17.5","2057","731","","87.3","","574"
"2023","68","University of Hertfordshire","113","3.89","3.02","0.32","","67.9","73.5","16.5","1519","967","","86.3","","571"
"2023","69","University of Portsmouth","119","3.79","3.00","0.41","","65.4","70.4","16.8","1528","638","","87.8","","567"
"2023","70","Falmouth University","127","3.88","3.17","0.20","","52.7","63.1","14.8","1528","511","","84.7","","565"
"2023","71","Arts University Bournemouth","148","3.84","2.63","0.20","","52.9","61.1","14.5","1409","324","","88.7","","563"
"2023","72","Cardiff Metropolitan University","124","3.86","2.83","0.28","","64.4","72.0","18.1","1685","750","","82.1","","562"
"2023","72","Bournemouth University","116","3.60","2.77","0.66","","71.2","72.4","19.2","1672","718","","87.0","","562"
"2023","74","University of Bradford","129","3.87","2.85","0.53","","69.1","76.5","19.1","1274","662","","91.0","","549"
"2023","74","University for the Creative Arts","129","3.86","3.06","0.11","","49.9","57.5","13.8","2291","204","","85.1","","549"
"2023","76","University of Chichester","129","4.03","2.41","0.36","","59.3","68.9","15.2","1042","739","","86.2","","546"
"2023","77","University of West London","117","4.04","2.67","0.13","","60.6","68.6","12.9","1530","734","","76.5","","545"
"2023","78","University of Roehampton","105","3.84","3.11","0.44","","57.1","66.6","18.3","2302","863","","80.8","","539"
"2023","78","Kingston University","120","3.87","2.89","0.39","","65.8","69.6","17.0","1936","683","","82.9","","539"
"2023","80","Liverpool John Moores University","132","3.78","2.82","0.45","","63.4","69.5","18.0","1226","405","","85.9","","538"
"2023","81","University of Brighton","117","3.62","3.05","0.40","","70.8","72.1","18.1","1801","579","","86.0","","535"
"2023","81","Brunel University of London","123","3.55","2.88","0.75","","65.1","72.9","17.9","1118","495","","89.4","","535"
"2023","83","University of Greenwich","121","3.87","2.86","0.51","","68.4","72.8","19.5","1229","628","","86.8","","534"
"2023","83","University of Sunderland","122","4.00","2.75","0.13","","56.2","70.0","15.9","1911","553","","80.1","","534"
"2023","85","University of Salford","124","3.77","3.00","0.27","","68.0","73.0","17.9","1263","701","","83.9","","533"
"2023","85","University of Worcester","123","3.96","2.32","0.34","","70.9","76.8","17.5","1217","607","","84.9","","533"
"2023","87","St Mary's University, Twickenham","112","4.07","2.72","0.47","","65.6","72.4","16.0","1164","776","","74.2","","531"
"2023","88","Glasgow Caledonian University","170","3.89","2.95","0.31","","73.6","77.2","22.9","1465","273","","88.9","","529"
"2023","89","Birmingham City University","122","3.88","2.70","0.19","","67.7","72.5","17.2","1293","530","","86.6","","525"
"2023","89","Liverpool Hope University","117","3.82","2.52","0.62","","56.7","73.9","16.3","811","1182","","83.5","","525"
"2023","91","University of South Wales","127","3.86","2.66","0.21","","61.9","70.9","16.1","1710","282","","81.6","","523"
"2023","91","University of Derby","123","3.95","2.52","0.25","","62.8","71.4","15.8","1362","394","","83.2","","523"
"2023","93","Queen Margaret University, Edinburgh","161","3.97","2.59","0.37","","64.5","74.1","21.9","1040","397","","88.1","","519"
"2023","94","Teesside University","119","3.74","2.76","0.32","","70.0","76.8","17.1","1956","479","","80.2","","517"
"2023","95","Bath Spa University","124","3.81","2.71","0.46","","52.4","65.3","16.6","1674","547","","82.1","","515"
"2023","95","Royal Agricultural University","117","3.76","2.33","0.53","","61.6","80.8","21.5","2292","963","","92.3","","515"
"2023","97","Edinburgh Napier University","148","3.99","2.86","0.45","","69.0","70.3","22.1","1898","309","","87.5","","504"
"2023","98","University of Northampton","112","3.77","2.22","0.24","","67.4","76.9","17.7","1907","698","","86.2","","501"
"2023","99","University of Lancashire","125","3.80","2.81","0.30","","63.2","69.9","16.2","1679","423","","79.7","","498"
"2023","100","University of Suffolk","110","3.85","2.69","0.12","","73.4","77.3","15.0","2165","531","","66.7","","495"
"2023","101","University of Gloucestershire","118","3.88","2.43","0.31","","60.8","68.6","17.2","1529","439","","81.8","","493"
"2023","102","University of Staffordshire","116","3.95","2.78","0.17","","63.5","68.5","17.7","1360","474","","79.0","","489"
"2023","103","Robert Gordon University","153","4.02","2.54","0.17","","69.9","76.1","20.8","1170","481","","86.8","","488"
"2023","103","York St John University","112","3.94","2.43","0.47","","61.3","69.1","18.0","1467","568","","86.4","","488"
"2023","105","Canterbury Christ Church University","108","3.76","2.72","0.32","","67.0","75.3","18.2","1462","550","","83.8","","486"
"2023","106","Leeds Beckett University","113","3.85","2.68","0.36","","64.4","68.7","21.7","1470","684","","84.4","","485"
"2023","107","Buckinghamshire New University","112","3.92","2.25","0.13","","63.3","72.0","15.4","2591","581","","70.6","","479"
"2023","108","Abertay University","150","3.95","2.66","0.64","","64.3","70.1","24.2","1023","645","","81.8","","477"
"2023","109","University of Winchester","115","3.74","2.53","0.38","","61.3","68.5","18.1","1194","452","","87.4","","474"
"2023","110","De Montfort University","108","3.64","2.69","0.39","","62.2","67.9","18.5","1350","919","","84.5","","471"
"2023","111","University of Westminster, London","116","3.76","3.00","0.47","","54.3","64.1","19.9","1261","543","","85.0","","465"
"2023","112","Middlesex University","109","3.79","2.78","0.45","","55.7","67.3","17.1","2384","345","","75.6","","463"
"2023","113","Plymouth Marjon University","118","4.08","2.49","0.29","","58.7","72.4","19.2","618","350","","83.3","","457"
"2023","114","Anglia Ruskin University","109","3.92","2.81","0.24","","68.9","76.2","19.4","1267","480","","78.2","","454"
"2023","115","University of Buckingham","111","4.03","","","","83.2","88.5","18.5","841","466","","87.1","","448"
"2023","116","London South Bank University","107","3.74","2.78","0.23","","64.8","71.8","17.5","1696","282","","85.1","","443"
"2023","117","Southampton, Solent University","116","3.87","2.16","0.25","","56.5","62.9","17.5","1408","727","","80.8","","442"
"2023","118","Lincoln Bishop University","102","3.84","1.92","0.39","","67.2","77.2","19.8","1276","855","","89.4","","421"
"2023","118","University of Cumbria","120","3.81","2.30","0.25","","66.3","75.3","18.7","1227","319","","85.0","","421"
"2023","120","University of Wales Trinity Saint David","139","3.97","2.50","0.10","","55.2","69.1","21.1","1096","401","","75.7","","419"
"2023","121","University of Wolverhampton","112","3.83","2.56","0.35","","61.7","68.4","16.5","1748","318","","72.7","","414"
"2023","122","Birmingham Newman University","109","3.97","2.03","0.43","","59.6","72.8","18.0","1486","341","","79.7","","402"
"2023","123","London Metropolitan University","96","4.07","2.63","0.20","","52.9","67.1","21.4","2314","954","","70.2","","388"
"2023","124","University of Greater Manchester","114","4.03","1.89","0.20","","55.8","66.4","16.4","1381","478","","77.3","","370"
"2023","125","University of the West of Scotland","140","3.75","2.48","0.45","","65.5","72.3","23.5","1703","460","","78.7","","369"
"2023","126","University of East London","107","3.86","2.58","0.35","","55.1","67.4","26.2","988","572","","78.8","","332"
"2023","127","Wrexham University","107","4.10","2.19","0.32","","59.1","70.3","24.9","972","398","","75.6","","320"
"2023","128","Leeds Trinity University","111","3.74","2.11","0.37","","56.2","66.8","21.5","1256","386","","72.2","","310"
"2023","128","University of Bedfordshire","108","3.83","2.71","0.23","","64.4","72.4","24.3","1197","480","","62.6","","310"
"2023","130","Ravensbourne University London","111","3.54","2.20","0.17","","59.6","71.8","24.6","1150","309","","79.0","","300"
"2024","1","University of Cambridge","209","","3.53","1.00","","90.9","82.7","11.6","2693","1113","","","99.3","1000"
"2024","2","University of Oxford","205","","3.49","0.95","","90.3","83.0","10.3","2753","600","","","97.9","984"
"2024","3","London School of Economics and Political Science, University of London","195","3.91","3.53","0.65","","87.4","78.6","12.8","1868","789","","","99.1","955"
"2024","4","University of St Andrews","212","4.18","3.31","0.71","","82.8","83.5","11.9","2761","713","","","97.6","917"
"2024","5","University of Bath","181","4.01","3.31","0.73","","90.6","84.5","15.3","2009","922","","","97.7","892"
"2024","6","Imperial College London","206","3.96","3.63","0.80","","95.7","84.4","11.9","3033","578","","","95.0","891"
"2024","7","Loughborough University","160","3.98","3.30","0.71","","84.1","80.7","14.1","1959","1456","","","96.9","889"
"2024","8","Durham University","185","3.88","3.34","0.70","","85.6","82.2","13.5","2357","898","","","97.5","882"
"2024","9","UCL (University College London)","190","3.92","3.50","0.72","","85.2","79.5","10.9","2217","387","","","97.2","862"
"2024","10","Lancaster University","153","4.00","3.37","0.80","","78.6","78.6","14.0","2216","967","","","97.1","843"
"2024","11","University of Warwick","173","4.00","3.42","0.59","","85.0","80.9","13.9","1654","869","","","96.1","835"
"2024","12","The University of Edinburgh","197","3.72","3.42","0.76","","82.3","78.1","12.3","1366","738","","","97.5","801"
"2024","13","University of Surrey","143","4.03","3.29","0.62","","83.5","82.2","14.4","2331","769","","","93.8","799"
"2024","14","University of Birmingham","158","3.80","3.43","0.63","","82.4","81.0","14.6","1668","1517","","","96.1","796"
"2024","15","University of Exeter","164","3.93","3.35","0.69","","80.6","77.5","16.0","1519","1024","","","97.0","786"
"2024","16","University of Bristol","174","3.78","3.51","0.67","","83.1","78.4","13.9","1619","763","","","97.4","783"
"2024","17","University of Southampton","156","3.91","3.41","0.71","","79.8","78.9","14.0","1874","703","","","96.9","780"
"2024","17","University of York","157","3.93","3.45","0.65","","79.8","78.1","14.2","1231","799","","","96.6","780"
"2024","19","University of Manchester","167","3.73","3.47","0.66","","81.7","78.7","13.9","2201","576","","","96.5","761"
"2024","20","University of Sheffield","157","3.94","3.40","0.66","","77.8","77.8","14.4","1963","567","","","96.7","758"
"2024","21","Cardiff University","153","3.81","3.36","0.59","","82.5","79.7","13.9","1836","797","","","96.2","753"
"2024","22","University of Leeds","162","3.71","3.35","0.65","","80.4","79.4","14.4","2603","403","","","96.2","748"
"2024","23","University of East Anglia UEA","139","3.81","3.38","0.56","","78.3","78.8","13.4","1937","1172","","","94.7","747"
"2024","24","King's College London, University of London","171","3.74","3.46","0.69","","85.8","81.0","14.0","1832","822","","","95.0","743"
"2024","24","University of Liverpool","147","3.77","3.34","0.61","","75.2","76.1","13.6","2458","896","","","96.7","743"
"2024","26","University of Glasgow","209","3.85","3.43","0.57","","78.3","78.9","14.4","1675","543","","","96.5","742"
"2024","27","Queen's University Belfast","156","3.83","3.27","0.70","","83.2","79.6","15.4","1435","710","","","95.5","733"
"2024","28","University of Nottingham","154","3.80","3.34","0.68","","82.1","80.3","15.7","1846","840","","","96.3","727"
"2024","29","University of the Arts London","150","3.79","3.18","0.14","","59.3","68.5","11.5","2957","307","","","93.9","724"
"2024","30","Newcastle University","151","3.71","3.29","0.70","","79.3","77.0","14.3","2152","625","","","96.4","717"
"2024","31","University of Strathclyde","210","3.95","3.29","0.65","","80.3","79.6","18.8","1605","500","","","95.2","713"
"2024","32","University of Essex","126","3.88","3.23","0.65","","68.6","72.4","14.6","2500","1470","","","90.0","712"
"2024","33","Harper Adams University","134","3.90","2.61","0.25","","71.0","86.7","13.8","1954","2103","","","95.5","710"
"2024","34","University of Reading","131","3.91","3.24","0.63","","75.9","75.4","15.8","2074","780","","","94.4","705"
"2024","35","University of Aberdeen","185","4.07","3.03","0.73","","76.1","76.6","15.1","1880","708","","","96.1","695"
"2024","36","Northumbria University, Newcastle","142","3.84","3.06","0.68","","75.3","77.3","15.5","1696","613","","","89.8","689"
"2024","37","Royal Holloway, University of London","139","3.89","3.30","0.70","","67.8","70.5","15.9","1742","724","","","95.1","683"
"2024","38","University of Leicester","132","3.86","3.30","0.63","","72.1","75.3","14.4","2263","638","","","94.7","681"
"2024","39","Aberystwyth University","130","4.17","3.00","0.69","","60.3","67.4","14.9","2910","600","","","94.2","678"
"2024","40","Swansea University","136","3.86","3.20","0.47","","74.9","74.6","15.9","1427","764","","","94.7","675"
"2024","41","Aston University, Birmingham","134","3.86","3.06","0.52","","78.6","81.0","17.0","1414","586","","","96.8","673"
"2024","42","City, University of London","139","3.72","3.25","0.56","","76.4","77.5","18.2","1922","611","","","94.4","671"
"2024","42","Nottingham Trent University","127","3.98","3.10","0.20","","67.6","72.0","15.1","1320","730","","","95.3","671"
"2024","44","Heriot-Watt University","176","3.68","3.22","0.67","","76.5","77.9","18.4","2135","1346","","","92.7","670"
"2024","45","University of Lincoln","127","3.93","2.98","0.39","","66.6","71.1","15.1","1450","956","","","94.6","669"
"2024","46","Oxford Brookes University","118","3.83","2.87","0.39","","73.1","76.5","13.0","1369","760","","","93.7","664"
"2024","47","University of Portsmouth","128","3.95","3.00","0.41","","71.7","72.1","15.8","1730","768","","","93.0","660"
"2024","48","University of Kent","127","3.82","3.26","0.67","","70.1","72.8","16.5","1376","761","","","94.1","658"
"2024","49","Ulster University","134","4.00","3.20","0.55","","72.8","77.9","18.3","1872","755","","","89.0","653"
"2024","50","University of Sussex","133","3.81","3.29","0.69","","66.3","72.3","17.8","1518","839","","","95.4","652"
"2024","51","University of Stirling","177","3.93","3.11","0.67","","69.9","72.8","19.2","1116","866","","","94.4","649"
"2024","52","Bangor University","129","3.98","3.23","0.46","","67.0","74.2","17.1","1344","1017","","","93.8","639"
"2024","53","Queen Mary University of London","151","3.77","3.39","0.61","","73.5","73.2","15.6","1852","612","","","95.0","638"
"2024","54","University of West London","118","4.17","2.67","0.13","","66.8","70.5","12.9","1671","809","","","89.8","633"
"2024","55","Bournemouth University","119","3.79","2.77","0.66","","75.2","76.5","18.3","1657","747","","","92.2","630"
"2024","56","Norwich University of the Arts","132","3.90","2.96","0.13","","64.4","70.0","15.3","1860","726","","","92.0","629"
"2024","57","Edge Hill University","135","3.87","2.67","0.32","","67.4","73.3","15.1","1578","974","","","91.9","627"
"2024","58","University of Dundee","180","3.85","3.23","0.41","","78.9","76.7","15.4","1796","606","","","94.0","624"
"2024","58","SOAS University of London","140","3.71","3.24","0.57","","72.7","69.4","15.0","2349","462","","","92.2","624"
"2024","60","Manchester Metropolitan University","134","3.93","3.11","0.36","","65.5","70.9","18.0","2194","744","","","91.8","619"
"2024","61","Falmouth University","132","3.97","3.17","0.20","","59.4","63.1","14.3","1670","550","","","","617"
"2024","61","University of Chester","129","3.81","2.50","0.48","","67.7","70.9","15.1","2021","811","","","93.4","617"
"2024","63","Sheffield Hallam University","121","3.77","2.93","0.28","","72.3","75.6","17.1","2429","460","","","91.7","616"
"2024","64","University of Plymouth","137","3.89","3.01","0.45","","75.2","75.5","16.7","1890","536","","","92.9","615"
"2024","65","Keele University","131","3.82","3.07","0.52","","75.6","79.1","15.1","1435","620","","","94.3","613"
"2024","66","Leeds Beckett University","124","3.88","2.68","0.36","","67.4","75.0","17.5","1488","761","","","92.0","607"
"2024","67","Bristol, UWE","128","3.90","2.96","0.25","","75.1","75.2","16.8","1029","608","","","92.0","606"
"2024","68","University of Brighton","122","3.76","3.05","0.40","","71.9","74.7","17.0","2070","532","","","92.1","603"
"2024","69","Coventry University","126","3.99","2.90","0.23","","67.8","73.3","13.0","2337","677","","","83.2","602"
"2024","70","University of Huddersfield","129","3.91","2.80","0.47","","65.0","71.8","14.6","1883","730","","","87.7","600"
"2024","71","Cardiff Metropolitan University","132","3.82","2.83","0.28","","68.0","75.6","18.9","1618","729","","","90.1","598"
"2024","72","Arts University Bournemouth","145","3.89","2.63","0.20","","56.3","69.3","14.4","1328","367","","","94.6","594"
"2024","73","Royal Agricultural University","125","3.95","2.33","0.53","","67.9","79.2","21.3","2437","727","","","95.9","592"
"2024","74","Goldsmiths, University of London","127","3.51","3.11","0.64","","62.7","65.6","13.4","2476","906","","","88.9","591"
"2024","75","University of Sunderland","129","3.98","2.75","0.13","","61.1","72.6","13.9","1997","569","","","86.6","589"
"2024","76","University of Hull","127","3.92","3.10","0.37","","71.7","76.2","16.5","1761","789","","","88.9","588"
"2024","77","Liverpool Hope University","123","3.97","2.52","0.62","","59.9","71.1","14.9","789","1183","","","91.2","585"
"2024","78","St George's, University of London","149","3.58","3.23","0.38","","90.7","89.2","14.2","2119","368","","","94.6","583"
"2024","79","Glasgow Caledonian University","175","3.91","2.95","0.31","","75.7","79.4","22.6","1616","254","","","93.4","582"
"2024","80","University of Suffolk","113","3.82","2.69","0.12","","79.0","77.7","13.1","2699","656","","","84.2","581"
"2024","81","Liverpool John Moores University","132","3.92","2.82","0.45","","67.5","71.9","18.1","1248","397","","","91.1","580"
"2024","82","University of Salford","130","3.84","3.00","0.27","","69.3","73.8","18.1","1477","715","","","91.8","579"
"2024","83","University of Hertfordshire","119","3.92","3.02","0.32","","69.5","73.9","17.6","1413","847","","","91.4","574"
"2024","83","University of Chichester","132","3.97","2.41","0.36","","60.8","68.5","15.2","918","676","","","95.0","574"
"2024","85","University of Worcester","127","3.86","2.32","0.34","","71.3","80.6","17.2","1416","660","","","90.4","572"
"2024","86","St Mary's University, Twickenham","118","4.09","2.72","0.47","","66.6","69.3","16.4","1141","766","","","89.2","571"
"2024","87","University for the Creative Arts","129","3.90","3.06","0.11","","51.1","60.7","12.6","2463","276","","","89.4","569"
"2024","87","Kingston University","128","3.92","2.89","0.39","","68.9","70.8","18.1","1690","622","","","92.8","569"
"2024","89","Edinburgh Napier University","156","3.97","2.86","0.45","","75.1","76.7","21.4","1869","318","","","91.4","560"
"2024","90","Birmingham City University","130","3.90","2.70","0.19","","68.0","75.0","17.1","1244","533","","","91.4","559"
"2024","91","University of Roehampton","106","3.93","3.11","0.44","","55.8","68.3","17.9","2251","879","","","89.8","554"
"2024","92","Robert Gordon University","152","4.05","2.54","0.17","","76.3","80.3","19.2","1267","554","","","92.4","552"
"2024","92","Teesside University","122","3.97","2.76","0.32","","73.1","76.3","17.2","1886","471","","","85.7","552"
"2024","94","Leeds Arts University","148","3.95","1.74","0.48","","61.5","69.5","16.5","836","268","","","97.1","548"
"2024","95","Brunel University of London","125","3.75","2.88","0.75","","65.7","71.1","18.2","1536","507","","","91.9","547"
"2024","96","Southampton, Solent University","120","3.92","2.16","0.25","","60.4","68.1","15.3","1710","744","","","90.1","545"
"2024","96","University of Winchester","122","3.88","2.53","0.38","","66.0","72.9","18.1","1256","464","","","92.3","545"
"2024","98","University of Gloucestershire","119","3.81","2.43","0.31","","64.8","70.2","15.4","1515","420","","","91.6","544"
"2024","99","University of Lancashire","129","3.86","2.81","0.30","","69.0","71.8","15.6","1618","435","","","88.6","542"
"2024","100","University of Derby","125","3.99","2.52","0.25","","66.6","70.6","14.9","1400","368","","","87.6","537"
"2024","101","University of South Wales","129","3.90","2.66","0.21","","64.0","69.7","16.6","1967","205","","","89.0","535"
"2024","102","Abertay University","160","3.98","2.66","0.64","","67.0","70.5","22.8","1041","630","","","89.0","532"
"2024","102","Queen Margaret University, Edinburgh","165","3.91","2.59","0.37","","65.2","69.3","20.6","954","404","","","94.5","532"
"2024","102","Bath Spa University","121","3.92","2.71","0.46","","59.4","64.1","19.6","1328","475","","","94.0","532"
"2024","105","University of Bradford","132","3.80","2.85","0.53","","76.2","79.3","20.1","960","486","","","90.7","528"
"2024","106","Canterbury Christ Church University","114","3.84","2.72","0.32","","73.6","76.8","16.2","1742","644","","","87.2","526"
"2024","107","York St John University","119","4.02","2.43","0.47","","60.4","70.5","17.7","1541","529","","","91.4","523"
"2024","108","University of Staffordshire","121","3.92","2.78","0.17","","61.8","62.5","17.4","1327","502","","","90.1","513"
"2024","109","De Montfort University","113","3.78","2.69","0.39","","67.1","71.1","18.3","1478","966","","","89.0","507"
"2024","110","University of Greenwich","122","3.94","2.86","0.51","","68.4","71.8","20.9","1059","550","","","90.0","502"
"2024","110","Middlesex University","113","3.87","2.78","0.45","","70.8","72.8","15.8","2631","370","","","81.6","502"
"2024","112","University of Westminster, London","116","3.81","3.00","0.47","","62.7","67.4","19.6","1387","539","","","89.9","501"
"2024","113","London South Bank University","115","3.83","2.78","0.23","","65.0","70.1","17.1","1885","318","","","89.4","487"
"2024","114","Buckinghamshire New University","109","4.02","2.25","0.13","","64.3","68.6","16.7","2239","838","","","85.5","486"
"2024","115","University of Northampton","115","3.84","2.22","0.24","","67.0","75.5","17.4","1780","661","","","88.6","484"
"2024","116","Plymouth Marjon University","120","4.13","2.49","0.29","","64.6","71.6","16.9","606","60","","","87.2","483"
"2024","117","University of Wolverhampton","113","3.90","2.56","0.35","","64.6","71.3","15.6","1910","322","","","85.8","474"
"2024","118","University of Wales Trinity Saint David","141","3.96","2.50","0.10","","58.0","66.3","20.3","1204","479","","","87.8","473"
"2024","118","Anglia Ruskin University","113","3.94","2.81","0.24","","65.3","72.7","18.8","1374","490","","","87.0","473"
"2024","120","University of Greater Manchester","120","4.07","1.89","0.20","","59.0","66.0","15.1","1664","617","","","86.0","472"
"2024","121","Leeds Trinity University","113","4.01","2.11","0.37","","59.1","70.8","18.1","1418","414","","","89.9","458"
"2024","122","University of Cumbria","121","3.82","2.30","0.25","","66.1","74.9","18.1","1139","277","","","89.0","440"
"2024","123","London Metropolitan University","100","4.11","2.63","0.20","","57.9","65.7","19.3","2259","957","","","83.0","431"
"2024","123","University of East London","115","3.87","2.58","0.35","","61.0","72.4","25.0","977","578","","","90.6","431"
"2024","125","Birmingham Newman University","115","3.94","2.03","0.43","","62.2","68.4","16.7","1626","362","","","87.3","425"
"2024","126","University of Bedfordshire","112","3.92","2.71","0.23","","66.0","72.2","22.7","1184","470","","","83.7","423"
"2024","127","University of Buckingham","130","3.97","","","","70.6","73.3","16.4","1413","503","","","91.5","416"
"2024","128","University of the West of Scotland","141","3.84","2.48","0.45","","67.8","74.4","22.4","1757","390","","","85.1","399"
"2024","129","Lincoln Bishop University","107","4.03","1.92","0.39","","64.7","75.7","17.6","1218","865","","","87.2","398"
"2024","130","Wrexham University","115","4.10","2.19","0.32","","63.3","67.1","22.4","1238","509","","","77.3","314"
"2025","1","University of Cambridge","209","","3.53","1.00","","93.1","83.5","11.6","2917","1181","","","99.3","1000"
"2025","2","University of Oxford","205","","3.49","0.95","","91.9","81.0","10.3","2726","600","","","97.9","965"
"2025","3","London School of Economics and Political Science, University of London","195","3.07","3.53","0.65","","91.4","83.0","12.8","1916","738","","","99.1","946"
"2025","4","University of St Andrews","212","3.31","3.31","0.71","","89.6","84.5","11.9","2949","787","","","97.6","938"
"2025","5","Imperial College London","206","3.15","3.63","0.80","","94.2","86.2","11.9","3325","619","","","95.0","897"
"2025","6","Loughborough University","160","3.19","3.30","0.71","","86.8","79.7","14.1","1952","1595","","","96.9","889"
"2025","7","Durham University","185","3.06","3.34","0.70","","89.2","80.7","13.5","2605","1038","","","97.5","887"
"2025","8","University of Bath","181","3.14","3.31","0.73","","90.6","82.0","15.3","2042","996","","","97.7","876"
"2025","9","UCL (University College London)","190","3.05","3.50","0.72","","88.4","81.0","10.9","2262","440","","","97.2","859"
"2025","10","Lancaster University","153","3.15","3.37","0.80","","81.5","80.7","14.0","2397","1013","","","97.1","844"
"2025","10","University of Warwick","173","3.17","3.42","0.59","","87.6","80.0","13.9","1867","955","","","96.1","844"
"2025","12","University of Surrey","143","3.20","3.29","0.62","","84.8","82.0","14.4","2325","799","","","93.8","808"
"2025","13","University of Birmingham","158","2.99","3.43","0.63","","85.9","80.9","14.6","1667","1734","","","96.1","804"
"2025","14","University of Exeter","164","3.07","3.35","0.69","","85.1","78.2","16.0","1782","1144","","","97.0","801"
"2025","15","The University of Edinburgh","197","2.95","3.42","0.76","","83.3","79.3","12.3","1410","716","","","97.5","798"
"2025","16","University of Bristol","174","3.01","3.51","0.67","","85.4","78.1","13.9","1786","856","","","97.4","795"
"2025","17","University of York","157","3.06","3.45","0.65","","83.3","80.0","14.2","1304","870","","","96.6","788"
"2025","18","University of Sheffield","157","3.12","3.40","0.66","","84.5","78.1","14.4","2135","610","","","96.7","781"
"2025","19","University of Liverpool","147","3.07","3.34","0.61","","83.8","78.5","13.6","2418","927","","","96.7","779"
"2025","20","University of Southampton","156","3.02","3.41","0.71","","84.4","77.1","14.0","1946","756","","","96.9","777"
"2025","21","University of East Anglia UEA","139","3.03","3.38","0.56","","82.5","78.7","13.4","2046","1207","","","94.7","773"
"2025","22","University of Manchester","167","2.95","3.47","0.66","","85.7","77.9","13.9","2224","567","","","96.5","772"
"2025","23","University of Leeds","162","2.96","3.35","0.65","","84.9","79.2","14.4","2934","420","","","96.2","768"
"2025","24","King's College London, University of London","171","2.97","3.46","0.69","","86.9","79.7","14.0","2254","917","","","95.0","763"
"2025","25","Queen's University Belfast","156","3.07","3.27","0.70","","88.7","82.1","15.4","1533","736","","","95.5","759"
"2025","26","Newcastle University","151","3.01","3.29","0.70","","83.3","80.2","14.3","2276","679","","","96.4","753"
"2025","27","Cardiff University","153","2.96","3.36","0.59","","86.4","79.9","13.9","1846","914","","","96.2","752"
"2025","28","University of Glasgow","209","3.04","3.43","0.57","","83.2","76.9","14.4","1804","591","","","96.5","750"
"2025","29","University of the Arts London","150","3.00","3.18","0.14","","66.6","71.5","11.5","3094","351","","","93.9","746"
"2025","30","University of Nottingham","154","3.04","3.34","0.68","","86.3","78.2","15.7","1963","790","","","96.3","741"
"2025","30","University of Essex","126","3.10","3.23","0.65","","73.8","73.1","14.6","2969","1615","","","90.0","741"
"2025","32","University of Strathclyde","210","3.11","3.29","0.65","","85.7","81.2","18.8","1608","534","","","95.2","734"
"2025","33","Harper Adams University","134","3.09","2.61","0.25","","77.3","84.1","13.8","1894","2226","","","95.5","731"
"2025","34","Northumbria University, Newcastle","142","3.06","3.06","0.68","","79.4","78.2","15.5","1895","655","","","89.8","720"
"2025","35","University of Reading","131","3.08","3.24","0.63","","80.8","76.8","15.8","2152","681","","","94.4","716"
"2025","36","University of Leicester","132","3.08","3.30","0.63","","81.4","75.8","14.4","2410","652","","","94.7","711"
"2025","37","Swansea University","136","3.06","3.20","0.47","","82.0","78.0","15.9","1563","815","","","94.7","706"
"2025","38","Royal Holloway, University of London","139","3.02","3.30","0.70","","78.7","71.5","15.9","1727","770","","","95.1","704"
"2025","39","City, University of London","139","3.05","3.25","0.56","","80.0","76.7","18.2","1944","599","","","94.4","703"
"2025","39","Aston University, Birmingham","134","3.08","3.06","0.52","","85.3","80.2","17.0","1619","609","","","96.8","703"
"2025","41","University of Aberdeen","185","3.19","3.03","0.73","","80.3","75.5","15.1","1961","754","","","96.1","700"
"2025","42","Aberystwyth University","130","3.23","3.00","0.69","","72.1","72.2","14.9","2650","624","","","94.2","696"
"2025","42","Ulster University","134","3.18","3.20","0.55","","80.7","81.3","18.3","2007","802","","","89.0","696"
"2025","42","Heriot-Watt University","176","2.94","3.22","0.67","","82.2","77.5","18.4","2389","1478","","","92.7","696"
"2025","45","Nottingham Trent University","127","3.13","3.10","0.20","","74.5","74.4","15.1","1491","736","","","95.3","691"
"2025","46","Oxford Brookes University","118","3.07","2.87","0.39","","78.9","78.5","13.0","1334","688","","","93.7","689"
"2025","47","University of Sussex","133","3.03","3.29","0.69","","75.9","74.4","17.8","1500","822","","","95.4","683"
"2025","48","University of Lincoln","127","3.10","2.98","0.39","","73.6","71.8","15.1","1497","981","","","94.6","676"
"2025","49","University of Portsmouth","128","3.12","3.00","0.41","","74.1","74.1","15.8","1948","854","","","93.0","671"
"2025","50","Queen Mary University of London","151","2.97","3.39","0.61","","78.9","73.0","15.6","1980","671","","","95.0","662"
"2025","51","University of Dundee","180","3.03","3.23","0.41","","82.0","78.2","15.4","1883","619","","","94.0","659"
"2025","52","University of Kent","127","3.04","3.26","0.67","","73.4","72.0","16.5","1478","741","","","94.1","657"
"2025","53","University of Stirling","177","3.00","3.11","0.67","","74.2","73.4","19.2","1255","936","","","94.4","656"
"2025","54","Edge Hill University","135","3.04","2.67","0.32","","75.7","78.7","15.1","1398","936","","","91.9","655"
"2025","55","Bournemouth University","119","3.01","2.77","0.66","","78.4","77.1","18.3","1638","836","","","92.2","654"
"2025","56","University of Chester","129","3.05","2.50","0.48","","73.9","76.1","15.1","2187","778","","","93.4","653"
"2025","56","Manchester Metropolitan University","134","3.10","3.11","0.36","","73.9","73.9","18.0","2436","741","","","91.8","653"
"2025","58","University of West London","118","3.26","2.67","0.13","","68.9","73.7","12.9","1899","877","","","89.8","651"
"2025","58","University of Suffolk","113","3.04","2.69","0.12","","84.9","83.4","13.1","3018","1043","","","84.2","651"
"2025","60","Goldsmiths, University of London","127","2.94","3.11","0.64","","70.5","70.6","13.4","2391","962","","","88.9","647"
"2025","61","Keele University","131","3.05","3.07","0.52","","79.7","78.2","15.1","1489","617","","","94.3","641"
"2025","62","Cardiff Metropolitan University","132","3.05","2.83","0.28","","75.8","81.5","18.9","1744","768","","","90.1","637"
"2025","63","Sheffield Hallam University","121","2.98","2.93","0.28","","78.0","75.8","17.1","2539","492","","","91.7","636"
"2025","64","Falmouth University","132","3.11","3.17","0.20","","62.4","68.5","14.3","1803","544","","","","633"
"2025","65","University of Plymouth","137","3.05","3.01","0.45","","81.3","78.2","16.7","1819","515","","","92.9","632"
"2025","65","University of Huddersfield","129","3.07","2.80","0.47","","73.7","74.9","14.6","1913","726","","","87.7","632"
"2025","67","Coventry University","126","3.17","2.90","0.23","","74.5","74.5","13.0","2504","663","","","83.2","628"
"2025","68","Bangor University","129","2.99","3.23","0.46","","73.8","73.7","17.1","1326","1006","","","93.8","627"
"2025","69","St George's, University of London","149","2.90","3.23","0.38","","92.4","85.8","14.2","2163","431","","","94.6","624"
"2025","70","University of Brighton","122","3.01","3.05","0.40","","76.2","76.1","17.0","2014","482","","","92.1","620"
"2025","71","SOAS University of London","140","2.87","3.24","0.57","","77.2","71.3","15.0","2394","544","","","92.2","616"
"2025","72","St Mary's University, Twickenham","118","3.17","2.72","0.47","","78.6","77.9","16.4","1052","810","","","89.2","613"
"2025","73","University of Hull","127","3.15","3.10","0.37","","76.8","76.6","16.5","1748","765","","","88.9","611"
"2025","73","University of Salford","130","3.07","3.00","0.27","","73.6","74.3","18.1","1847","767","","","91.8","611"
"2025","75","Glasgow Caledonian University","175","3.07","2.95","0.31","","81.3","80.0","22.6","1787","203","","","93.4","610"
"2025","75","Bristol, UWE","128","3.04","2.96","0.25","","76.8","74.9","16.8","1248","662","","","92.0","610"
"2025","75","Leeds Beckett University","124","3.09","2.68","0.36","","70.8","73.8","17.5","1499","760","","","92.0","610"
"2025","75","University of Sunderland","129","3.14","2.75","0.13","","65.6","72.9","13.9","2108","621","","","86.6","610"
"2025","79","University of Chichester","132","3.09","2.41","0.36","","74.5","71.3","15.2","929","686","","","95.0","609"
"2025","79","Brunel University of London","125","3.01","2.88","0.75","","73.8","72.6","18.2","2454","528","","","91.9","609"
"2025","81","Liverpool John Moores University","132","3.08","2.82","0.45","","75.7","74.1","18.1","1269","406","","","91.1","604"
"2025","82","Norwich University of the Arts","132","3.08","2.96","0.13","","64.1","64.5","15.3","2037","740","","","92.0","603"
"2025","83","Liverpool Hope University","123","3.07","2.52","0.62","","67.8","71.3","14.9","778","1183","","","91.2","601"
"2025","84","University of Hertfordshire","119","3.13","3.02","0.32","","72.0","74.2","17.6","1481","861","","","91.4","591"
"2025","85","University for the Creative Arts","129","3.10","3.06","0.11","","57.3","63.6","12.6","2728","266","","","89.4","587"
"2025","86","Edinburgh Napier University","156","3.10","2.86","0.45","","81.8","77.2","21.4","2072","335","","","91.4","586"
"2025","87","University of Lancashire","129","3.12","2.81","0.30","","73.2","73.2","15.6","1784","427","","","88.6","581"
"2025","88","Kingston University","128","3.08","2.89","0.39","","71.6","71.2","18.1","1607","617","","","92.8","580"
"2025","88","University of Gloucestershire","119","3.06","2.43","0.31","","71.2","74.7","15.4","1535","446","","","91.6","580"
"2025","88","University of Worcester","127","3.02","2.32","0.34","","79.6","77.5","17.2","1678","597","","","90.4","580"
"2025","91","Robert Gordon University","152","3.20","2.54","0.17","","81.3","80.9","19.2","1338","599","","","92.4","578"
"2025","92","Birmingham City University","130","3.08","2.70","0.19","","72.5","73.6","17.1","1468","510","","","91.4","577"
"2025","93","Arts University Bournemouth","145","3.02","2.63","0.20","","56.4","69.0","14.4","1122","444","","","94.6","576"
"2025","93","University of Roehampton","106","3.04","3.11","0.44","","66.0","70.3","17.9","2208","860","","","89.8","576"
"2025","95","University of Derby","125","3.16","2.52","0.25","","73.0","74.6","14.9","1371","341","","","87.6","574"
"2025","95","University of South Wales","129","3.11","2.66","0.21","","70.9","74.2","16.6","2155","150","","","89.0","574"
"2025","97","University of Staffordshire","121","3.01","2.78","0.17","","71.2","74.3","17.4","1447","584","","","90.1","572"
"2025","97","Queen Margaret University, Edinburgh","165","3.00","2.59","0.37","","76.0","77.8","20.6","1005","446","","","94.5","572"
"2025","99","Abertay University","160","3.22","2.66","0.64","","75.4","74.9","22.8","1023","596","","","89.0","569"
"2025","100","Teesside University","122","3.14","2.76","0.32","","76.7","76.3","17.2","2052","502","","","85.7","566"
"2025","101","York St John University","119","3.14","2.43","0.47","","73.8","74.5","17.7","1692","509","","","91.4","564"
"2025","102","Southampton, Solent University","120","3.13","2.16","0.25","","65.5","72.3","15.3","1688","610","","","90.1","559"
"2025","103","University of Winchester","122","3.03","2.53","0.38","","72.3","75.3","18.1","1267","507","","","92.3","553"
"2025","104","Bath Spa University","121","3.04","2.71","0.46","","66.3","68.8","19.6","1360","436","","","94.0","546"
"2025","105","De Montfort University","113","3.02","2.69","0.39","","71.3","73.5","18.3","1506","917","","","89.0","541"
"2025","106","Buckinghamshire New University","109","3.23","2.25","0.13","","67.2","72.4","16.7","2331","1081","","","85.5","540"
"2025","106","University of Bradford","132","3.00","2.85","0.53","","78.9","79.8","20.1","901","434","","","90.7","540"
"2025","108","University of Greater Manchester","120","3.17","1.89","0.20","","72.4","72.2","15.1","1934","709","","","86.0","536"
"2025","109","Canterbury Christ Church University","114","3.03","2.72","0.32","","74.1","74.6","16.2","1888","648","","","87.2","535"
"2025","110","University of Greenwich","122","3.08","2.86","0.51","","73.2","73.8","20.9","1090","579","","","90.0","532"
"2025","111","Leeds Arts University","148","3.14","1.74","0.48","","60.0","65.2","16.5","861","308","","","97.1","531"
"2025","111","University of Wolverhampton","113","3.12","2.56","0.35","","72.0","73.1","15.6","2509","366","","","85.8","531"
"2025","113","Middlesex University","113","3.13","2.78","0.45","","72.4","71.8","15.8","2672","400","","","81.6","524"
"2025","114","London South Bank University","115","3.03","2.78","0.23","","70.5","73.1","17.1","2081","340","","","89.4","522"
"2025","115","Plymouth Marjon University","120","3.24","2.49","0.29","","72.9","76.1","16.9","638","90","","","87.2","517"
"2025","116","Leeds Trinity University","113","3.01","2.11","0.37","","72.5","77.7","18.1","1633","511","","","89.9","515"
"2025","117","University of Wales Trinity Saint David","141","3.23","2.50","0.10","","62.6","68.8","20.3","1440","505","","","87.8","508"
"2025","118","University of Westminster, London","116","3.04","3.00","0.47","","63.2","65.3","19.6","1655","593","","","89.9","500"
"2025","119","Royal Agricultural University","125","2.79","2.33","0.53","","64.7","75.8","21.3","2668","566","","","95.9","493"
"2025","120","University of Northampton","115","3.04","2.22","0.24","","69.4","75.5","17.4","1690","480","","","88.6","488"
"2025","121","Anglia Ruskin University","113","3.01","2.81","0.24","","67.7","73.7","18.8","1518","519","","","87.0","482"
"2025","122","Lincoln Bishop University","107","3.30","1.92","0.39","","74.2","80.8","17.6","1325","820","","","87.2","481"
"2025","123","University of Cumbria","121","2.90","2.30","0.25","","71.6","77.1","18.1","1133","265","","","89.0","461"
"2025","124","Birmingham Newman University","115","3.31","2.03","0.43","","62.2","72.5","16.7","1682","359","","","87.3","459"
"2025","125","University of East London","115","3.19","2.58","0.35","","62.0","69.6","25.0","1009","644","","","90.6","449"
"2025","126","University of Buckingham","130","2.99","","","","84.3","75.0","16.4","1436","531","","","91.5","439"
"2025","127","London Metropolitan University","100","3.20","2.63","0.20","","63.7","67.7","19.3","2044","835","","","83.0","426"
"2025","128","University of the West of Scotland","141","3.07","2.48","0.45","","71.3","73.5","22.4","1709","381","","","85.1","422"
"2025","129","University of Bedfordshire","112","3.06","2.71","0.23","","65.9","70.4","22.7","1218","450","","","83.7","417"
"2025","130","Wrexham University","115","3.26","2.19","0.32","","60.5","71.0","22.4","1290","530","","","77.3","324"
"2026","1","University of Cambridge","206","3.14","3.53","1.00","","89.7","82.0","11.1","3118","1294","","","98.4","1000"
"2026","2","University of Oxford","203","3.14","3.49","0.95","","90.0","78.5","9.7","2797","631","","","97.6","978"
"2026","3","London School of Economics and Political Science, University of London","187","3.13","3.53","0.65","","91.0","79.2","12.7","1995","708","","","97.6","926"
"2026","4","University of St Andrews","215","3.32","3.31","0.71","","86.9","85.3","12.1","3217","806","","","98.0","922"
"2026","5","Durham University","181","3.13","3.34","0.70","","88.0","80.5","12.7","2811","1130","","","96.8","900"
"2026","6","Imperial College London","202","3.12","3.63","0.80","","95.7","86.9","11.9","3580","640","","","96.2","898"
"2026","7","Loughborough University","157","3.13","3.30","0.71","","85.2","80.4","13.8","1985","1748","","","96.5","865"
"2026","8","University of Bath","173","3.15","3.31","0.73","","87.9","83.2","15.6","2102","1047","","","97.2","844"
"2026","9","University of Warwick","168","3.17","3.42","0.59","","85.2","79.3","12.8","2106","1025","","","95.3","830"
"2026","10","Lancaster University","150","3.18","3.37","0.80","","80.4","75.7","14.1","2627","1061","","","95.1","804"
"2026","11","University of Exeter","163","3.05","3.35","0.69","","80.5","78.0","14.2","2083","1295","","","96.1","792"
"2026","12","University of York","158","3.04","3.45","0.65","","81.8","79.7","13.2","1427","1025","","","96.5","785"
"2026","13","UCL (University College London)","173","3.04","3.50","0.72","","86.6","79.0","11.2","1718","450","","","96.1","783"
"2026","14","University of Birmingham","161","3.04","3.43","0.63","","83.4","81.1","14.0","1859","1548","","","94.7","779"
"2026","15","University of Bristol","173","3.01","3.51","0.67","","82.7","76.0","13.4","1999","949","","","97.2","775"
"2026","16","University of Sheffield","158","3.17","3.40","0.66","","81.6","78.4","13.7","2371","691","","","96.1","771"
"2026","17","University of Southampton","159","3.06","3.41","0.71","","83.2","77.3","13.6","2125","842","","","95.5","768"
"2026","18","The University of Edinburgh","197","2.91","3.42","0.76","","80.7","77.1","11.1","1629","675","","","95.6","762"
"2026","19","King's College London, University of London","168","2.96","3.46","0.69","","83.8","79.2","12.5","2559","975","","","94.5","760"
"2026","19","University of Surrey","137","3.18","3.29","0.62","","82.4","82.3","13.5","2322","748","","","92.1","760"
"2026","21","University of Leeds","162","2.97","3.35","0.65","","80.4","77.4","12.9","3503","504","","","95.1","755"
"2026","22","Cardiff University","152","3.04","3.36","0.59","","84.4","80.3","12.7","1974","1043","","","94.7","752"
"2026","23","University of Liverpool","150","3.12","3.34","0.61","","81.0","79.1","13.3","2476","905","","","93.8","749"
"2026","24","Queen's University Belfast","158","3.09","3.27","0.70","","86.0","80.7","14.7","1656","855","","","93.8","736"
"2026","25","Heriot-Watt University","173","3.06","3.22","0.67","","81.4","79.3","14.5","2663","1754","","","89.0","732"
"2026","26","University of East Anglia UEA","135","3.07","3.38","0.56","","80.0","78.1","12.7","2218","1267","","","92.1","721"
"2026","26","University of Nottingham","154","3.05","3.34","0.68","","82.3","78.6","14.6","2200","788","","","95.7","721"
"2026","28","University of Manchester","166","2.95","3.47","0.66","","80.1","76.1","13.5","2316","584","","","95.5","713"
"2026","29","University of Essex","126","3.15","3.23","0.65","","70.2","75.0","14.2","3183","1655","","","88.0","710"
"2026","30","University of Aberdeen","184","3.20","3.03","0.73","","81.3","77.7","13.2","2234","881","","","92.3","705"
"2026","31","University of Glasgow","215","2.99","3.43","0.57","","81.1","74.4","13.7","2082","699","","","92.9","696"
"2026","31","Newcastle University","151","3.04","3.29","0.70","","80.6","78.0","14.2","2456","733","","","93.3","696"
"2026","33","University of Leicester","132","3.14","3.30","0.63","","80.0","76.8","13.9","2433","678","","","94.8","695"
"2026","33","University of the Arts London","145","3.07","3.18","0.14","","59.3","65.9","11.1","3467","390","","","91.9","695"
"2026","35","Royal Holloway, University of London","136","3.09","3.30","0.70","","77.1","73.1","15.6","1716","820","","","93.1","692"
"2026","36","University of Reading","127","3.13","3.24","0.63","","78.9","78.3","15.3","2319","653","","","91.6","686"
"2026","37","Northumbria University, Newcastle","137","3.09","3.06","0.68","","77.1","77.4","14.3","2094","805","","","87.4","685"
"2026","38","University of Strathclyde","203","3.13","3.29","0.65","","82.6","79.9","18.0","1601","602","","","91.7","678"
"2026","39","University of Dundee","185","3.14","3.23","0.41","","82.5","79.2","14.4","2071","683","","","91.6","663"
"2026","40","Swansea University","133","3.10","3.20","0.47","","80.1","79.0","15.0","1834","911","","","91.4","660"
"2026","41","Queen Mary University of London","154","3.01","3.39","0.61","","77.2","74.1","13.9","2229","756","","","92.5","655"
"2026","42","University of Portsmouth","120","3.15","3.00","0.41","","73.6","73.8","15.3","2206","993","","","92.7","643"
"2026","43","University of Sussex","132","3.06","3.29","0.69","","71.0","71.3","15.5","1857","870","","","91.8","642"
"2026","44","Aston University, Birmingham","133","3.08","3.06","0.52","","81.2","79.5","18.0","1603","657","","","93.2","640"
"2026","45","Aberystwyth University","124","3.23","3.00","0.69","","71.6","70.6","14.5","2168","629","","","92.3","639"
"2026","46","Nottingham Trent University","125","3.14","3.10","0.20","","70.4","72.3","14.3","1729","845","","","92.3","638"
"2026","47","Harper Adams University","131","3.06","2.61","0.25","","73.9","86.2","14.7","1724","2164","","","91.7","637"
"2026","48","Oxford Brookes University","118","3.09","2.87","0.39","","76.7","77.8","12.4","1467","793","","","89.3","634"
"2026","49","University of Kent","125","3.05","3.26","0.67","","70.6","71.3","15.8","1670","811","","","91.9","628"
"2026","50","Manchester Metropolitan University","135","3.15","3.11","0.36","","70.2","71.4","17.7","2551","771","","","89.6","613"
"2026","51","University of Stirling","173","3.04","3.11","0.67","","74.1","73.1","18.4","1463","1043","","","91.8","611"
"2026","52","University of Lincoln","117","3.13","2.98","0.39","","71.8","72.4","14.9","1518","1000","","","91.8","610"
"2026","53","City St George's, University of London","136","3.09","3.24","0.52","","84.2","79.4","16.6","1992","573","","","89.9","601"
"2026","54","Ulster University","129","3.16","3.20","0.55","","76.5","76.1","18.2","2190","846","","","85.9","596"
"2026","55","Bangor University","129","3.10","3.23","0.46","","69.2","74.0","15.2","1353","1004","","","89.3","595"
"2026","55","University of Suffolk","113","3.12","2.69","0.12","","71.6","78.0","12.8","3292","1826","","","82.4","595"
"2026","57","Edge Hill University","129","3.04","2.67","0.32","","76.7","79.3","14.7","1257","875","","","91.2","594"
"2026","58","Norwich University of the Arts","129","3.13","2.96","0.13","","61.8","65.3","14.9","2229","767","","","90.7","589"
"2026","59","Coventry University","122","3.18","2.90","0.23","","73.1","77.1","12.6","2701","703","","","81.1","586"
"2026","60","University of Chichester","129","3.17","2.41","0.36","","72.8","73.6","14.6","1036","740","","","90.8","585"
"2026","61","Arts University Bournemouth","148","3.13","2.63","0.20","","56.8","69.8","14.4","929","579","","","94.0","582"
"2026","62","Bristol, UWE","126","3.05","2.96","0.25","","75.0","74.7","15.8","1431","716","","","91.5","580"
"2026","62","Falmouth University","130","3.08","3.17","0.20","","56.9","68.8","14.1","1790","573","","","89.8","580"
"2026","62","SOAS University of London","133","2.90","3.24","0.57","","74.3","71.2","14.3","2437","596","","","86.0","580"
"2026","65","University of Huddersfield","121","3.09","2.80","0.47","","73.9","75.5","15.0","1983","662","","","88.1","577"
"2026","66","Cardiff Metropolitan University","130","3.15","2.83","0.28","","73.5","75.5","18.4","1802","773","","","87.3","571"
"2026","67","Brunel University of London","123","3.07","2.88","0.75","","68.1","70.3","16.3","3757","523","","","88.2","565"
"2026","68","Keele University","127","3.06","3.07","0.52","","77.4","74.4","14.7","1545","616","","","92.2","561"
"2026","69","St Mary's University, Twickenham","98","3.22","2.72","0.47","","78.2","77.9","14.2","1235","943","","","87.5","560"
"2026","70","University of West London","117","3.20","2.67","0.13","","68.8","71.9","13.7","2151","856","","","85.4","559"
"2026","71","Goldsmiths, University of London","123","3.04","3.11","0.64","","66.0","64.4","13.3","2409","951","","","84.8","558"
"2026","72","University of Gloucestershire","118","3.05","2.43","0.31","","75.3","76.3","15.3","1566","489","","","90.8","549"
"2026","72","Bournemouth University","112","2.99","2.77","0.66","","74.8","75.4","18.7","1620","882","","","89.7","549"
"2026","74","University of Chester","124","3.12","2.50","0.48","","74.6","75.8","15.7","2431","809","","","87.4","546"
"2026","75","University of Plymouth","134","3.04","3.01","0.45","","79.1","76.4","17.2","1824","504","","","91.5","545"
"2026","76","Liverpool John Moores University","133","3.15","2.82","0.45","","72.4","74.0","17.9","1322","423","","","88.8","543"
"2026","77","University of South Wales","129","3.14","2.66","0.21","","69.7","75.8","16.6","2353","149","","","89.1","540"
"2026","78","Leeds Beckett University","120","3.15","2.68","0.36","","69.5","71.9","16.7","1553","859","","","87.6","539"
"2026","79","University of Derby","116","3.17","2.52","0.25","","72.0","76.8","14.0","1445","412","","","87.1","537"
"2026","79","University of Salford","125","3.10","3.00","0.27","","75.5","75.7","18.3","2138","735","","","88.2","537"
"2026","81","University of Hull","120","3.16","3.10","0.37","","74.4","74.4","15.8","1651","679","","","88.3","534"
"2026","82","University of Hertfordshire","116","3.15","3.02","0.32","","72.0","73.9","18.0","1483","839","","","89.6","530"
"2026","83","University of Sunderland","124","3.26","2.75","0.13","","64.1","72.4","13.6","2062","607","","","85.1","528"
"2026","84","Sheffield Hallam University","114","3.05","2.93","0.28","","74.8","75.1","18.1","2527","468","","","89.8","526"
"2026","85","Glasgow Caledonian University","172","3.09","2.95","0.31","","80.3","80.8","23.1","1912","205","","","89.0","522"
"2026","86","University of Lancashire","125","3.15","2.81","0.30","","73.1","74.8","14.7","2360","461","","","85.3","517"
"2026","87","Robert Gordon University","156","3.18","2.54","0.17","","80.8","81.6","19.3","1376","610","","","89.4","516"
"2026","88","University of Brighton","118","3.01","3.05","0.40","","72.2","73.4","15.6","2030","459","","","88.1","512"
"2026","89","Kingston University","125","3.13","2.89","0.39","","64.1","70.1","17.3","1727","677","","","90.4","511"
"2026","90","Liverpool Hope University","118","3.24","2.52","0.62","","63.6","73.1","15.6","803","1229","","","86.6","508"
"2026","90","Teesside University","117","3.12","2.76","0.32","","78.3","79.4","16.8","2083","510","","","84.7","508"
"2026","92","Bath Spa University","120","3.06","2.71","0.46","","62.7","67.9","16.6","1499","481","","","90.8","503"
"2026","93","University of Worcester","122","3.14","2.32","0.34","","77.1","78.8","16.7","2026","659","","","85.4","502"
"2026","94","University of Staffordshire","114","3.10","2.78","0.17","","72.6","72.7","19.4","1518","626","","","88.0","493"
"2026","94","Abertay University","154","3.22","2.66","0.64","","71.0","75.7","22.6","1024","611","","","85.6","493"
"2026","96","Edinburgh Napier University","151","3.10","2.86","0.45","","78.8","76.9","20.0","2222","375","","","85.2","492"
"2026","97","Buckinghamshire New University","101","3.17","2.25","0.13","","68.5","77.6","14.5","2314","1223","","","81.9","486"
"2026","98","University of Winchester","120","3.07","2.53","0.38","","67.7","73.4","16.7","1375","600","","","90.0","483"
"2026","99","Canterbury Christ Church University","109","3.08","2.72","0.32","","74.0","75.5","15.2","2364","721","","","82.8","479"
"2026","100","Plymouth Marjon University","113","3.30","2.49","0.29","","74.2","70.0","14.7","1063","117","","","86.7","478"
"2026","101","Arts University Plymouth","129","3.29","","","","53.8","66.1","10.9","720","796","","","88.3","476"
"2026","102","University of Greater Manchester","114","3.18","1.89","0.20","","73.6","77.6","13.5","2013","692","","","82.7","474"
"2026","103","Birmingham City University","126","3.05","2.70","0.19","","69.6","72.6","17.8","1722","464","","","88.2","473"
"2026","103","Leeds Arts University","145","3.15","1.74","0.48","","57.5","63.2","16.5","1074","415","","","94.9","473"
"2026","105","York St John University","119","3.16","2.43","0.47","","66.3","68.1","16.7","1626","551","","","87.3","471"
"2026","106","University of Greenwich","117","3.09","2.86","0.51","","69.0","71.3","17.1","1335","582","","","86.9","462"
"2026","107","University of Bradford","130","2.98","2.85","0.53","","76.7","78.7","20.5","822","370","","","89.8","460"
"2026","107","Southampton, Solent University","113","3.12","2.16","0.25","","63.9","70.6","15.7","1740","537","","","88.0","460"
"2026","109","University of Wolverhampton","110","3.10","2.56","0.35","","71.5","71.9","16.5","3130","448","","","84.5","455"
"2026","110","London South Bank University","110","3.11","2.78","0.23","","73.7","72.3","15.6","2231","329","","","84.5","447"
"2026","111","University of Wales Trinity Saint David","143","3.27","2.50","0.10","","57.4","62.9","19.2","1613","557","","","88.3","445"
"2026","112","University for the Creative Arts","117","2.97","3.06","0.11","","55.8","62.3","14.0","2793","225","","","81.9","439"
"2026","113","Middlesex University","109","3.19","2.78","0.45","","63.1","67.6","16.4","2765","444","","","81.7","438"
"2026","114","Queen Margaret University, Edinburgh","162","3.04","2.59","0.37","","65.6","68.3","20.8","997","461","","","91.5","424"
"2026","115","University of Roehampton","103","3.21","3.11","0.44","","58.7","66.5","23.4","1848","672","","","89.1","417"
"2026","116","University of Buckingham","117","2.97","","","","75.2","76.3","","3743","1471","","","83.2","416"
"2026","117","University of Cumbria","114","2.99","2.30","0.25","","74.3","79.1","15.4","1285","281","","","85.8","414"
"2026","118","Lincoln Bishop University","105","3.31","1.92","0.39","","75.7","79.3","18.5","1612","826","","","87.6","412"
"2026","119","University of Northampton","110","3.14","2.22","0.24","","68.7","76.5","17.2","1574","424","","","84.4","409"
"2026","120","Anglia Ruskin University","107","3.06","2.81","0.24","","67.6","72.3","17.1","1519","488","","","84.9","403"
"2026","120","De Montfort University","106","3.07","2.69","0.39","","68.3","70.8","19.8","1514","875","","","85.0","403"
"2026","122","Leeds Trinity University","108","3.13","2.11","0.37","","70.0","69.0","16.3","1859","647","","","81.5","389"
"2026","123","University of Westminster, London","111","3.06","3.00","0.47","","59.2","63.5","19.8","1802","622","","","86.5","387"
"2026","124","Birmingham Newman University","105","3.26","2.03","0.43","","72.4","76.6","17.8","1625","365","","","85.3","383"
"2026","125","Royal Agricultural University","122","2.70","2.33","0.53","","68.5","84.7","24.3","3009","538","","","88.1","372"
"2026","126","University of East London","117","3.26","2.58","0.35","","61.5","64.7","22.5","1182","800","","","81.4","345"
"2026","127","University of the West of Scotland","142","3.11","2.48","0.45","","72.7","75.9","","1444","357","","","77.7","336"
"2026","128","London Metropolitan University","99","3.18","2.63","0.20","","60.3","63.7","19.8","1948","740","","","83.0","323"
"2026","129","Wrexham University","110","3.30","2.19","0.32","","70.9","71.9","22.0","1363","385","","","80.7","322"
"2026","130","University of Bedfordshire","107","3.14","2.71","0.23","","66.2","74.3","24.3","1405","424","","","79.6","297"
"2027","1","University of Cambridge","208","3.17","3.53","1.00","","89.1","81.7","10.7","3338","1421","","","98.9","1000"
"2027","2","University of Oxford","198","3.19","3.49","0.95","","88.1","81.1","9.3","2826","654","","","98.1","977"
"2027","3","London School of Economics and Political Science, University of London","185","3.21","3.53","0.65","","89.0","80.6","11.5","2363","828","","","97.4","947"
"2027","4","University of St Andrews","206","3.32","3.31","0.71","","87.8","80.9","11.0","3875","879","","","96.8","908"
"2027","5","Imperial College London","205","3.18","3.63","0.80","","92.4","85.5","11.7","3920","678","","","96.2","905"
"2027","6","Durham University","172","3.21","3.34","0.70","","83.1","80.2","12.5","3428","1254","","","97.9","902"
"2027","7","University of Warwick","171","3.21","3.42","0.59","","85.2","80.7","11.7","2471","1189","","","97.1","888"
"2027","8","Loughborough University","148","3.16","3.30","0.71","","84.9","81.7","13.3","2197","2048","","","96.3","876"
"2027","9","University of Bath","172","3.17","3.31","0.73","","86.1","81.2","15.2","2212","1093","","","97.7","846"
"2027","10","Lancaster University","139","3.19","3.37","0.80","","78.3","76.9","12.6","3186","1223","","","96.3","844"
"2027","11","University of Exeter","151","3.10","3.35","0.69","","83.6","79.1","13.1","1933","1466","","","97.4","820"
"2027","12","University of Birmingham","146","3.15","3.43","0.63","","79.6","78.5","12.8","3037","1333","","","96.3","804"
"2027","13","University of Sheffield","157","3.23","3.40","0.66","","79.9","78.0","13.4","2574","722","","","96.5","797"
"2027","13","UCL (University College London)","165","3.12","3.50","0.72","","82.5","77.8","10.7","1547","608","","","97.1","797"
"2027","15","University of Southampton","145","3.13","3.41","0.71","","80.6","77.6","12.6","2382","983","","","97.2","791"
"2027","16","King's College London, University of London","161","3.07","3.46","0.69","","85.1","80.0","12.0","3102","990","","","94.3","776"
"2027","17","University of Bristol","161","3.11","3.51","0.67","","78.4","75.3","13.1","2284","855","","","97.8","774"
"2027","18","University of Leeds","149","3.08","3.35","0.65","","79.9","77.2","12.9","3972","625","","","95.6","773"
"2027","19","The University of Edinburgh","187","2.98","3.42","0.76","","83.0","80.1","10.9","1744","597","","","95.3","764"
"2027","20","University of York","142","3.09","3.45","0.65","","76.4","75.2","12.7","1478","1126","","","97.0","763"
"2027","21","University of Surrey","129","3.19","3.29","0.62","","80.3","78.8","13.1","2439","773","","","93.9","762"
"2027","22","University of Liverpool","137","3.19","3.34","0.61","","78.8","75.9","12.8","2726","932","","","96.1","760"
"2027","23","Queen's University Belfast","150","3.14","3.27","0.70","","83.6","81.5","14.4","1777","999","","","95.2","753"
"2027","24","University of Manchester","160","3.06","3.47","0.66","","79.7","77.7","13.2","2597","669","","","96.0","747"
"2027","25","University of Dundee","176","3.23","3.23","0.41","","81.4","76.6","11.9","2517","846","","","93.7","745"
"2027","26","University of Nottingham","141","3.11","3.34","0.68","","79.7","78.5","13.0","2668","836","","","96.6","744"
"2027","27","Cardiff University","144","3.12","3.36","0.59","","80.7","76.7","12.6","1922","1072","","","95.9","742"
"2027","27","University of the Arts London","136","3.13","3.18","0.14","","57.4","63.7","9.9","4119","458","","","93.6","742"
"2027","29","University of Glasgow","203","3.04","3.43","0.57","","79.5","74.5","12.0","2705","905","","","94.3","741"
"2027","30","University of Essex","107","3.21","3.23","0.65","","70.3","73.1","12.0","3623","1953","","","89.0","737"
"2027","31","Heriot-Watt University","161","3.07","3.22","0.67","","75.4","75.9","13.4","3284","2083","","","90.1","732"
"2027","32","University of Aberdeen","174","3.21","3.03","0.73","","78.5","76.2","12.7","2424","971","","","95.1","725"
"2027","33","University of Leicester","120","3.19","3.30","0.63","","76.9","76.7","13.5","2416","724","","","96.8","719"
"2027","34","University of East Anglia UEA","124","3.13","3.38","0.56","","76.3","75.1","13.6","2366","1248","","","93.9","706"
"2027","35","Newcastle University","140","3.05","3.29","0.70","","77.8","76.6","13.9","2558","795","","","95.8","702"
"2027","36","University of Sussex","121","3.13","3.29","0.69","","67.9","70.6","14.4","2230","1034","","","94.8","693"
"2027","37","Northumbria University, Newcastle","122","3.13","3.06","0.68","","75.1","76.4","13.6","2433","896","","","88.1","690"
"2027","38","Harper Adams University","123","3.05","2.61","0.25","","76.8","80.6","13.0","1957","2461","","","92.3","679"
"2027","39","University of Strathclyde","197","3.19","3.29","0.65","","80.2","76.0","17.2","1745","698","","","90.9","677"
"2027","40","Queen Mary University of London","147","3.09","3.39","0.61","","69.8","70.1","13.2","2625","849","","","94.2","672"
"2027","41","Swansea University","120","3.18","3.20","0.47","","79.7","76.3","14.7","2174","783","","","92.8","670"
"2027","42","Royal Holloway, University of London","119","3.14","3.30","0.70","","68.3","69.6","15.7","1851","934","","","95.2","663"
"2027","43","University of Reading","120","3.12","3.24","0.63","","74.9","76.7","16.0","2332","644","","","92.8","662"
"2027","44","University of Suffolk","106","3.17","2.69","0.12","","62.4","76.0","12.2","3650","2556","","","86.9","660"
"2027","45","Oxford Brookes University","111","3.16","2.87","0.39","","72.2","75.0","12.5","1444","867","","","92.3","646"
"2027","46","Nottingham Trent University","112","3.18","3.10","0.20","","69.0","69.4","13.7","1947","990","","","91.9","644"
"2027","47","Ulster University","123","3.20","3.20","0.55","","75.3","74.8","18.0","2443","898","","","90.4","643"
"2027","48","Brunel University of London","114","3.12","2.88","0.75","","67.0","68.1","13.0","4592","599","","","89.5","641"
"2027","49","Bangor University","119","3.15","3.23","0.46","","70.8","74.0","14.3","1430","924","","","94.0","638"
"2027","50","University of Lincoln","109","3.13","2.98","0.39","","68.1","72.2","13.9","1673","1077","","","93.8","637"
"2027","50","University of Portsmouth","103","3.17","3.00","0.41","","71.7","71.1","14.4","2516","1080","","","93.2","637"
"2027","52","Aston University, Birmingham","120","3.12","3.06","0.52","","76.2","77.7","17.3","1822","693","","","94.8","635"
"2027","53","Manchester Metropolitan University","121","3.20","3.11","0.36","","68.5","70.3","17.6","2719","813","","","90.2","614"
"2027","54","Keele University","117","3.18","3.07","0.52","","77.5","75.4","13.7","1851","554","","","92.4","612"
"2027","55","University of Stirling","163","3.07","3.11","0.67","","68.2","71.9","18.2","1729","1224","","","91.6","611"
"2027","56","Aberystwyth University","109","3.25","3.00","0.69","","65.5","67.8","13.7","1835","575","","","93.0","610"
"2027","57","Coventry University","113","3.21","2.90","0.23","","69.2","72.3","12.7","3140","800","","","85.6","603"
"2027","58","Edge Hill University","116","3.22","2.67","0.32","","74.7","76.3","14.5","1516","790","","","91.3","602"
"2027","59","City St George's, University of London","130","3.14","3.24","0.52","","79.7","78.5","17.0","1909","590","","","90.5","600"
"2027","60","Norwich University of the Arts","126","3.09","2.96","0.13","","56.8","58.1","14.2","2639","859","","","92.7","597"
"2027","61","Goldsmiths, University of London","120","3.04","3.11","0.64","","58.1","62.8","11.6","2793","999","","","87.5","594"
"2027","62","University of Kent","115","3.04","3.26","0.67","","65.1","65.5","15.5","1908","957","","","92.3","593"
"2027","63","University of Chichester","117","3.25","2.41","0.36","","69.3","75.2","15.3","1143","781","","","93.2","592"
"2027","64","University of Hull","119","3.21","3.10","0.37","","78.0","77.3","15.7","1809","755","","","89.8","590"
"2027","65","Falmouth University","128","3.09","3.17","0.20","","57.3","63.2","14.7","1831","503","","","91.7","589"
"2027","66","University of Salford","124","3.14","3.00","0.27","","68.8","70.7","17.0","2544","730","","","91.0","588"
"2027","67","University of Plymouth","130","3.14","3.01","0.45","","78.7","79.2","17.2","1859","505","","","91.7","580"
"2027","68","University of Huddersfield","117","3.08","2.80","0.47","","68.4","69.4","14.9","2292","772","","","90.5","579"
"2027","68","University of Sunderland","121","3.28","2.75","0.13","","65.0","72.0","13.1","2195","652","","","87.8","579"
"2027","70","University of Hertfordshire","112","3.19","3.02","0.32","","71.6","72.4","17.0","1662","895","","","91.6","576"
"2027","71","University of Derby","108","3.22","2.52","0.25","","72.1","72.8","13.5","1680","589","","","89.8","575"
"2027","72","Cardiff Metropolitan University","116","3.13","2.83","0.28","","73.2","72.2","16.6","2165","938","","","87.3","574"
"2027","72","Arts University Bournemouth","138","3.14","2.63","0.20","","56.2","61.6","14.7","799","676","","","95.2","574"
"2027","74","Bristol, UWE","117","3.14","2.96","0.25","","73.7","74.2","16.1","1470","674","","","90.3","573"
"2027","75","Robert Gordon University","150","3.20","2.54","0.17","","82.0","83.1","19.0","1502","648","","","90.9","571"
"2027","76","Liverpool John Moores University","120","3.18","2.82","0.45","","69.5","70.7","16.8","1410","495","","","90.6","568"
"2027","77","Bournemouth University","108","3.03","2.77","0.66","","73.1","72.4","18.0","1657","968","","","90.4","567"
"2027","78","University of Chester","117","3.11","2.50","0.48","","74.7","78.9","16.8","2725","788","","","89.7","565"
"2027","79","St Mary's University, Twickenham","108","3.21","2.72","0.47","","72.2","71.3","13.1","1494","983","","","86.5","564"
"2027","80","University of Worcester","112","3.17","2.32","0.34","","81.9","82.3","17.0","2162","602","","","90.5","560"
"2027","81","Sheffield Hallam University","116","3.03","2.93","0.28","","72.5","71.9","17.1","2950","541","","","91.0","556"
"2027","81","Edinburgh Napier University","149","3.12","2.86","0.45","","75.3","76.7","17.1","2685","445","","","87.3","556"
"2027","83","Liverpool Hope University","113","3.31","2.52","0.62","","58.8","70.0","15.4","894","1382","","","89.8","550"
"2027","84","University of West London","109","3.28","2.67","0.13","","62.1","68.1","15.7","2481","840","","","89.5","549"
"2027","85","University for the Creative Arts","118","3.02","3.06","0.11","","56.8","59.1","13.1","4275","222","","","85.1","547"
"2027","86","Leeds Beckett University","106","3.16","2.68","0.36","","68.2","72.4","16.8","1524","902","","","90.5","546"
"2027","87","Teesside University","112","3.23","2.76","0.32","","77.2","76.5","16.1","2327","516","","","84.7","540"
"2027","88","Kingston University","113","3.17","2.89","0.39","","66.4","69.7","17.3","1841","715","","","92.0","539"
"2027","89","Glasgow Caledonian University","159","3.14","2.95","0.31","","76.8","77.7","22.8","2051","251","","","90.4","536"
"2027","90","University of Lancashire","115","3.21","2.81","0.30","","72.6","73.9","15.3","3006","533","","","86.4","535"
"2027","91","University of South Wales","114","3.18","2.66","0.21","","70.5","72.8","15.2","2897","172","","","86.8","534"
"2027","92","Bath Spa University","100","3.14","2.71","0.46","","62.6","70.4","14.6","1837","624","","","88.8","530"
"2027","92","Canterbury Christ Church University","110","3.13","2.72","0.32","","69.2","73.4","14.1","2570","809","","","84.2","530"
"2027","94","SOAS University of London","120","2.96","3.24","0.57","","65.8","65.7","15.9","2573","634","","","92.2","519"
"2027","95","Birmingham City University","108","3.15","2.70","0.19","","68.8","74.8","17.6","2205","374","","","91.8","518"
"2027","96","University of East London","108","3.30","2.58","0.35","","70.7","71.8","22.4","1151","948","","","91.0","516"
"2027","97","University of Winchester","106","3.10","2.53","0.38","","71.5","72.0","17.1","1426","707","","","92.3","513"
"2027","98","University of Gloucestershire","108","3.12","2.43","0.31","","73.7","74.8","15.7","1553","541","","","87.7","511"
"2027","98","University of Bradford","131","3.06","2.85","0.53","","78.7","78.1","18.4","931","469","","","88.0","511"
"2027","98","University of Wales Trinity Saint David","117","3.34","2.50","0.10","","58.1","68.2","16.5","2289","599","","","88.0","511"
"2027","101","University of Wolverhampton","107","3.19","2.56","0.35","","72.2","74.2","18.9","3205","550","","","88.5","504"
"2027","102","Queen Margaret University, Edinburgh","163","3.15","2.59","0.37","","76.1","70.8","20.5","1049","508","","","89.7","497"
"2027","102","University of Greenwich","106","3.14","2.86","0.51","","67.3","70.9","16.9","1598","587","","","89.0","497"
"2027","104","University of Brighton","110","3.11","3.04","0.40","","70.2","68.8","17.0","2144","463","","","88.1","495"
"2027","105","Abertay University","149","3.21","2.66","0.64","","67.5","69.4","22.2","1121","697","","","86.3","493"
"2027","106","University of Bedfordshire","101","3.19","2.71","0.23","","61.7","72.8","15.6","2044","560","","","85.1","488"
"2027","107","Leeds Arts University","136","3.20","1.74","0.48","","52.8","56.4","15.9","1375","515","","","95.3","485"
"2027","108","York St John University","112","3.18","2.43","0.47","","65.1","70.5","19.3","1471","472","","","91.4","480"
"2027","109","Royal Agricultural University","109","2.90","2.33","0.53","","69.7","88.5","19.6","3531","690","","","87.2","477"
"2027","110","De Montfort University","99","3.12","2.69","0.39","","69.6","71.4","18.0","1662","946","","","87.6","476"
"2027","111","University of Staffordshire","117","3.10","2.78","0.17","","68.8","67.8","20.0","1806","748","","","86.2","475"
"2027","112","London South Bank University","103","3.13","2.78","0.23","","68.1","70.5","15.7","2395","393","","","87.9","473"
"2027","113","Anglia Ruskin University","104","3.07","2.81","0.24","","63.5","72.4","16.0","1605","561","","","89.0","465"
"2027","114","Lincoln Bishop University","102","3.37","1.92","0.39","","72.9","79.5","16.7","1947","838","","","85.7","463"
"2027","115","University of Westminster, London","108","3.14","3.00","0.47","","59.0","64.3","19.7","2047","648","","","87.8","459"
"2027","115","Southampton, Solent University","107","3.21","2.16","0.25","","61.7","67.5","16.5","1717","519","","","87.6","459"
"2027","117","University of Cumbria","108","2.98","2.30","0.25","","82.1","83.8","15.8","1531","320","","","89.2","445"
"2027","118","University of Greater Manchester","108","3.18","1.89","0.20","","66.1","69.4","13.4","1964","729","","","83.4","444"
"2027","119","Arts University Plymouth","124","3.29","","","","45.5","57.4","12.8","722","744","","","92.7","438"
"2027","120","Buckinghamshire New University","98","3.17","2.25","0.13","","55.9","70.3","14.5","2389","1423","","","81.4","436"
"2027","121","University of Northampton","94","3.18","2.22","0.24","","67.9","71.6","16.2","2556","367","","","87.0","434"
"2027","122","Middlesex University","98","3.20","2.78","0.45","","57.6","67.6","16.8","2993","421","","","83.8","433"
"2027","123","University of Roehampton","89","3.16","3.11","0.44","","62.5","61.5","22.1","1948","706","","","89.4","431"
"2027","124","University of Buckingham","101","2.99","","","","83.8","86.7","","1247","538","","","91.1","406"
"2027","125","Leeds Trinity University","104","3.16","2.11","0.37","","59.4","71.8","15.8","2210","801","","","80.9","404"
"2027","125","Plymouth Marjon University","62","3.28","2.49","0.29","","71.1","72.3","15.0","994","138","","","89.4","404"
"2027","127","Birmingham Newman University","101","3.28","2.03","0.43","","64.4","71.5","17.6","1410","367","","","87.2","387"
"2027","128","University of the West of Scotland","117","3.19","2.48","0.45","","63.3","70.9","18.9","1362","366","","","80.3","344"
"2027","129","London Metropolitan University","95","3.21","2.63","0.20","","54.3","60.6","19.4","1802","713","","","83.7","331"
"2027","130","Wrexham University","102","3.17","2.19","0.32","","69.7","74.5","24.0","1183","245","","","81.8","307"
